runtime,profile,controller,seed,training_seed,session_id,decisions,lower_clipped,upper_clipped,raw_min,raw_max,reward_per_step,raw_reward_per_step
thread,lax-background,static,111,11,argos_feasible_thread_generalization_evaluate_lax-background_static_s111,64,0,0,0.25573743181844905,0.28896133114981554,0.28355015484935886,0.2835501548493589
thread,lax-background,static,222,22,argos_feasible_thread_generalization_evaluate_lax-background_static_s222,64,0,0,0.25546491196874554,0.2883501311181197,0.28351423797704006,0.28351423797704006
thread,lax-background,static,333,33,argos_feasible_thread_generalization_evaluate_lax-background_static_s333,64,0,0,0.25607143670110066,0.2883524601823585,0.2834515002779417,0.2834515002779417
thread,lax-background,static,444,44,argos_feasible_thread_generalization_evaluate_lax-background_static_s444,64,0,0,0.25607033412828867,0.2886512681626865,0.2834549326088671,0.2834549326088671
thread,lax-background,static,555,55,argos_feasible_thread_generalization_evaluate_lax-background_static_s555,64,0,0,0.2566992119079207,0.2883480799114352,0.2833233350118053,0.2833233350118053
thread,lax-background,threshold,111,11,argos_feasible_thread_generalization_evaluate_lax-background_threshold_s111,64,0,0,0.3177563195981441,0.6591343544762513,0.6261939439818127,0.6261939439818127
thread,lax-background,threshold,222,22,argos_feasible_thread_generalization_evaluate_lax-background_threshold_s222,64,0,0,0.3149542179401768,0.6591314688520962,0.6261548144297227,0.6261548144297227
thread,lax-background,threshold,333,33,argos_feasible_thread_generalization_evaluate_lax-background_threshold_s333,64,0,0,0.3152649473650363,0.6591598512540822,0.6263063346913088,0.6263063346913089
thread,lax-background,threshold,444,44,argos_feasible_thread_generalization_evaluate_lax-background_threshold_s444,64,0,0,0.31465636413233405,0.6591539335479294,0.6259305156275672,0.6259305156275672
thread,lax-background,threshold,555,55,argos_feasible_thread_generalization_evaluate_lax-background_threshold_s555,64,0,0,0.3155749102887874,0.6585504896370711,0.6258648951608268,0.6258648951608268
thread,lax-background,best_fixed,111,11,argos_feasible_thread_generalization_evaluate_lax-background_best_fixed_s111,64,0,0,0.6265280183082417,0.6591339354424012,0.6528514495229245,0.6528514495229245
thread,lax-background,best_fixed,222,22,argos_feasible_thread_generalization_evaluate_lax-background_best_fixed_s222,64,0,0,0.6234051298455583,0.6591349669919732,0.6527775243663694,0.6527775243663694
thread,lax-background,best_fixed,333,33,argos_feasible_thread_generalization_evaluate_lax-background_best_fixed_s333,64,0,0,0.6227839033115197,0.6591293170789364,0.6530825012955864,0.6530825012955865
thread,lax-background,best_fixed,444,44,argos_feasible_thread_generalization_evaluate_lax-background_best_fixed_s444,64,0,0,0.6265426626895294,0.6588459207553476,0.6526617780811093,0.6526617780811093
thread,lax-background,best_fixed,555,55,argos_feasible_thread_generalization_evaluate_lax-background_best_fixed_s555,64,0,0,0.6253358943366703,0.6588439885969375,0.6527583817820009,0.6527583817820007
thread,lax-background,qlearning,111,11,argos_feasible_thread_generalization_evaluate_lax-background_qlearning_s111,64,0,0,0.004685638994910896,0.288261134076266,0.1563992839602079,0.1563992839602079
thread,lax-background,qlearning,222,22,argos_feasible_thread_generalization_evaluate_lax-background_qlearning_s222,64,0,0,0.133618726887117,0.5111025630776573,0.2968141574328532,0.2968141574328532
thread,lax-background,qlearning,333,33,argos_feasible_thread_generalization_evaluate_lax-background_qlearning_s333,64,0,0,-0.0747508774015743,0.3328286258633807,0.14240221432810385,0.14240221432810385
thread,lax-background,qlearning,444,44,argos_feasible_thread_generalization_evaluate_lax-background_qlearning_s444,64,0,0,0.17802230122238671,0.6075709883692578,0.43776852139450745,0.43776852139450745
thread,lax-background,qlearning,555,55,argos_feasible_thread_generalization_evaluate_lax-background_qlearning_s555,64,0,0,0.12485903688760647,0.42216015683860875,0.26282509403900406,0.26282509403900406
thread,lax-background,dqn,111,11,argos_feasible_thread_generalization_evaluate_lax-background_dqn_s111,64,0,0,0.2971354799573055,0.6585452805420824,0.5591297101418664,0.5591297101418664
thread,lax-background,dqn,222,22,argos_feasible_thread_generalization_evaluate_lax-background_dqn_s222,64,0,0,0.26651687946954516,0.3757429378084755,0.289074983329358,0.289074983329358
thread,lax-background,dqn,333,33,argos_feasible_thread_generalization_evaluate_lax-background_dqn_s333,64,0,0,0.09920977812855372,0.501561919487351,0.32006447721039344,0.32006447721039344
thread,lax-background,dqn,444,44,argos_feasible_thread_generalization_evaluate_lax-background_dqn_s444,64,0,0,0.2927043560632133,0.6582561208690769,0.6302368117538407,0.6302368117538408
thread,lax-background,dqn,555,55,argos_feasible_thread_generalization_evaluate_lax-background_dqn_s555,64,0,0,0.3025152776707906,0.4860652402189051,0.3332438182645101,0.3332438182645101
thread,lax-background,ppo,111,11,argos_feasible_thread_generalization_evaluate_lax-background_ppo_s111,64,0,0,0.2967960692244412,0.6585437827992531,0.595313270002645,0.595313270002645
thread,lax-background,ppo,222,22,argos_feasible_thread_generalization_evaluate_lax-background_ppo_s222,64,0,0,0.3031711975292621,0.48729999317490513,0.33410409506046623,0.33410409506046623
thread,lax-background,ppo,333,33,argos_feasible_thread_generalization_evaluate_lax-background_ppo_s333,64,0,0,0.29275786218879374,0.6585471876595468,0.5997070748978203,0.5997070748978204
thread,lax-background,ppo,444,44,argos_feasible_thread_generalization_evaluate_lax-background_ppo_s444,64,0,0,0.3165570553049001,0.492967032794993,0.48278483948376805,0.48278483948376805
thread,lax-background,ppo,555,55,argos_feasible_thread_generalization_evaluate_lax-background_ppo_s555,64,0,0,0.31625784318222194,0.4074019079326035,0.401578888779992,0.401578888779992
thread,standard-operations,static,111,11,argos_feasible_thread_generalization_evaluate_standard-operations_static_s111,64,0,0,0.1672043815699482,0.2709563922983751,0.24115504740229488,0.2411550474022949
thread,standard-operations,static,222,22,argos_feasible_thread_generalization_evaluate_standard-operations_static_s222,64,0,0,0.1668762974674768,0.27024041860544074,0.23986396590766063,0.23986396590766063
thread,standard-operations,static,333,33,argos_feasible_thread_generalization_evaluate_standard-operations_static_s333,64,0,0,0.16624334057526585,0.27039372058155253,0.24033952853021393,0.2403395285302139
thread,standard-operations,static,444,44,argos_feasible_thread_generalization_evaluate_standard-operations_static_s444,64,0,0,0.1653057860728917,0.27023965545791884,0.23959069630499633,0.23959069630499633
thread,standard-operations,static,555,55,argos_feasible_thread_generalization_evaluate_standard-operations_static_s555,64,0,0,0.16655794345268626,0.27005222002697704,0.2413137870764182,0.2413137870764182
thread,standard-operations,threshold,111,11,argos_feasible_thread_generalization_evaluate_standard-operations_threshold_s111,64,0,0,0.2851297128330399,0.6540304739094484,0.5786545497022619,0.5786545497022619
thread,standard-operations,threshold,222,22,argos_feasible_thread_generalization_evaluate_standard-operations_threshold_s222,64,0,0,0.28184118226524185,0.6541935162921858,0.5785944768737528,0.5785944768737528
thread,standard-operations,threshold,333,33,argos_feasible_thread_generalization_evaluate_standard-operations_threshold_s333,64,0,0,0.2644336941645114,0.6540477950219152,0.5786062817878697,0.5786062817878697
thread,standard-operations,threshold,444,44,argos_feasible_thread_generalization_evaluate_standard-operations_threshold_s444,64,0,0,0.27963894878914164,0.6535778116548545,0.5786637886669352,0.5786637886669352
thread,standard-operations,threshold,555,55,argos_feasible_thread_generalization_evaluate_standard-operations_threshold_s555,64,0,0,0.28249076365425285,0.6544713968389808,0.5789797416324083,0.5789797416324083
thread,standard-operations,best_fixed,111,11,argos_feasible_thread_generalization_evaluate_standard-operations_best_fixed_s111,64,0,0,0.45176350088680484,0.6544870911203771,0.607446835528044,0.607446835528044
thread,standard-operations,best_fixed,222,22,argos_feasible_thread_generalization_evaluate_standard-operations_best_fixed_s222,64,0,0,0.45057337704826805,0.6543477231736996,0.6060164191462378,0.606016419146238
thread,standard-operations,best_fixed,333,33,argos_feasible_thread_generalization_evaluate_standard-operations_best_fixed_s333,64,0,0,0.45697344050687905,0.6549151331473961,0.6067515746690155,0.6067515746690155
thread,standard-operations,best_fixed,444,44,argos_feasible_thread_generalization_evaluate_standard-operations_best_fixed_s444,64,0,0,0.45307497697718,0.6539044061392818,0.606282958405201,0.6062829584052012
thread,standard-operations,best_fixed,555,55,argos_feasible_thread_generalization_evaluate_standard-operations_best_fixed_s555,64,0,0,0.4534949807559743,0.6544690923981589,0.6067946913143905,0.6067946913143905
thread,standard-operations,qlearning,111,11,argos_feasible_thread_generalization_evaluate_standard-operations_qlearning_s111,64,0,0,-0.049107627226604694,0.6169849099012275,0.2663898232144566,0.2663898232144566
thread,standard-operations,qlearning,222,22,argos_feasible_thread_generalization_evaluate_standard-operations_qlearning_s222,64,0,0,0.09880162303216383,0.4663449735638774,0.24778116110954593,0.24778116110954593
thread,standard-operations,qlearning,333,33,argos_feasible_thread_generalization_evaluate_standard-operations_qlearning_s333,64,0,0,0.014128286421113856,0.392335637922181,0.20789952064948558,0.20789952064948558
thread,standard-operations,qlearning,444,44,argos_feasible_thread_generalization_evaluate_standard-operations_qlearning_s444,64,0,0,0.10607511517917034,0.4415178758708943,0.3043446516941169,0.30434465169411695
thread,standard-operations,qlearning,555,55,argos_feasible_thread_generalization_evaluate_standard-operations_qlearning_s555,64,0,0,0.014232374761979527,0.4412314858707328,0.24413237611597466,0.24413237611597466
thread,standard-operations,dqn,111,11,argos_feasible_thread_generalization_evaluate_standard-operations_dqn_s111,64,0,0,0.3073787974054086,0.6540390162055492,0.5820298775384876,0.5820298775384876
thread,standard-operations,dqn,222,22,argos_feasible_thread_generalization_evaluate_standard-operations_dqn_s222,64,0,0,0.2521248268495938,0.4903985974177717,0.3983066390882499,0.3983066390882499
thread,standard-operations,dqn,333,33,argos_feasible_thread_generalization_evaluate_standard-operations_dqn_s333,64,0,0,0.17070399066650566,0.33782578082874326,0.2475759597679069,0.2475759597679069
thread,standard-operations,dqn,444,44,argos_feasible_thread_generalization_evaluate_standard-operations_dqn_s444,64,0,0,0.2850455115806005,0.458627847895245,0.4213284280999992,0.42132842809999926
thread,standard-operations,dqn,555,55,argos_feasible_thread_generalization_evaluate_standard-operations_dqn_s555,64,0,0,0.1495897269842587,0.5664851011254188,0.4163059765465415,0.4163059765465415
thread,standard-operations,ppo,111,11,argos_feasible_thread_generalization_evaluate_standard-operations_ppo_s111,64,0,0,0.2819915728979212,0.652983986339613,0.5763229000612893,0.5763229000612893
thread,standard-operations,ppo,222,22,argos_feasible_thread_generalization_evaluate_standard-operations_ppo_s222,64,0,0,0.16674541721389685,0.2702383666718259,0.24050957605776274,0.24050957605776274
thread,standard-operations,ppo,333,33,argos_feasible_thread_generalization_evaluate_standard-operations_ppo_s333,64,0,0,0.2838007081764194,0.6545998251875922,0.5614550085161031,0.5614550085161032
thread,standard-operations,ppo,444,44,argos_feasible_thread_generalization_evaluate_standard-operations_ppo_s444,64,0,0,0.16674182045389013,0.2708093860972398,0.2410626889998082,0.2410626889998082
thread,standard-operations,ppo,555,55,argos_feasible_thread_generalization_evaluate_standard-operations_ppo_s555,64,0,0,0.1662666842405337,0.2697999476112534,0.24011056111403062,0.24011056111403062
thread,cost-sensitive,static,111,11,argos_feasible_thread_generalization_evaluate_cost-sensitive_static_s111,64,0,0,0.18708212962839432,0.28995116291939627,0.26545463304496764,0.26545463304496764
thread,cost-sensitive,static,222,22,argos_feasible_thread_generalization_evaluate_cost-sensitive_static_s222,64,0,0,0.18487754352734392,0.2903501652150957,0.26618697325807417,0.26618697325807417
thread,cost-sensitive,static,333,33,argos_feasible_thread_generalization_evaluate_cost-sensitive_static_s333,64,0,0,0.18660714266331818,0.2903926091717286,0.26612761187734413,0.26612761187734413
thread,cost-sensitive,static,444,44,argos_feasible_thread_generalization_evaluate_cost-sensitive_static_s444,64,0,0,0.18675502010730716,0.2905395063471835,0.2659121866138294,0.2659121866138294
thread,cost-sensitive,static,555,55,argos_feasible_thread_generalization_evaluate_cost-sensitive_static_s555,64,0,0,0.18598888927055568,0.2903963250758862,0.26602988399400046,0.26602988399400046
thread,cost-sensitive,threshold,111,11,argos_feasible_thread_generalization_evaluate_cost-sensitive_threshold_s111,64,0,0,0.2932918768157069,0.6537299909868726,0.5890711940296892,0.5890711940296892
thread,cost-sensitive,threshold,222,22,argos_feasible_thread_generalization_evaluate_cost-sensitive_threshold_s222,64,0,0,0.29215100962157453,0.6537355930474091,0.5891846711230063,0.5891846711230063
thread,cost-sensitive,threshold,333,33,argos_feasible_thread_generalization_evaluate_cost-sensitive_threshold_s333,64,0,0,0.29124926598025974,0.6539035667370613,0.5901243864334405,0.5901243864334405
thread,cost-sensitive,threshold,444,44,argos_feasible_thread_generalization_evaluate_cost-sensitive_threshold_s444,64,0,0,0.29276186845319035,0.6540188245201494,0.5898009911733005,0.5898009911733005
thread,cost-sensitive,threshold,555,55,argos_feasible_thread_generalization_evaluate_cost-sensitive_threshold_s555,64,0,0,0.2956160970990808,0.6531680441106809,0.5896873826787531,0.5896873826787531
thread,cost-sensitive,best_fixed,111,11,argos_feasible_thread_generalization_evaluate_cost-sensitive_best_fixed_s111,64,0,0,0.5493477323257523,0.6550408626712372,0.6234509365168661,0.6234509365168661
thread,cost-sensitive,best_fixed,222,22,argos_feasible_thread_generalization_evaluate_cost-sensitive_best_fixed_s222,64,0,0,0.5505331660679118,0.6539089833950358,0.6241886600617446,0.6241886600617446
thread,cost-sensitive,best_fixed,333,33,argos_feasible_thread_generalization_evaluate_cost-sensitive_best_fixed_s333,64,0,0,0.5508205948837238,0.6538863636329598,0.6233970388764289,0.6233970388764289
thread,cost-sensitive,best_fixed,444,44,argos_feasible_thread_generalization_evaluate_cost-sensitive_best_fixed_s444,64,0,0,0.5503796362529068,0.6538834123931927,0.6247157537828236,0.6247157537828237
thread,cost-sensitive,best_fixed,555,55,argos_feasible_thread_generalization_evaluate_cost-sensitive_best_fixed_s555,64,0,0,0.550225539484654,0.6535907507727725,0.6239037274023134,0.6239037274023134
thread,cost-sensitive,qlearning,111,11,argos_feasible_thread_generalization_evaluate_cost-sensitive_qlearning_s111,64,0,0,0.11258308017977897,0.38197665035010364,0.2527742368901632,0.2527742368901632
thread,cost-sensitive,qlearning,222,22,argos_feasible_thread_generalization_evaluate_cost-sensitive_qlearning_s222,64,0,0,0.042477654609182625,0.30594309559046257,0.1756534996422931,0.1756534996422931
thread,cost-sensitive,qlearning,333,33,argos_feasible_thread_generalization_evaluate_cost-sensitive_qlearning_s333,64,0,0,0.22873160328139064,0.40453065585462655,0.295334146176935,0.29533414617693493
thread,cost-sensitive,qlearning,444,44,argos_feasible_thread_generalization_evaluate_cost-sensitive_qlearning_s444,64,0,0,0.0982854753123199,0.37209523804769595,0.22681732386775783,0.2268173238677578
thread,cost-sensitive,qlearning,555,55,argos_feasible_thread_generalization_evaluate_cost-sensitive_qlearning_s555,64,0,0,0.19491884018381733,0.3914073554408098,0.27652265182300806,0.27652265182300806
thread,cost-sensitive,dqn,111,11,argos_feasible_thread_generalization_evaluate_cost-sensitive_dqn_s111,64,0,0,0.2699325491650659,0.42813089019600337,0.3424170606463166,0.3424170606463167
thread,cost-sensitive,dqn,222,22,argos_feasible_thread_generalization_evaluate_cost-sensitive_dqn_s222,64,0,0,0.289563787458913,0.6172677051085074,0.48597229062372205,0.48597229062372205
thread,cost-sensitive,dqn,333,33,argos_feasible_thread_generalization_evaluate_cost-sensitive_dqn_s333,64,0,0,0.19180200661949043,0.4605952538654111,0.3192147328068988,0.3192147328068988
thread,cost-sensitive,dqn,444,44,argos_feasible_thread_generalization_evaluate_cost-sensitive_dqn_s444,64,0,0,0.22642167367193577,0.4967345935081057,0.3713530480826452,0.3713530480826452
thread,cost-sensitive,dqn,555,55,argos_feasible_thread_generalization_evaluate_cost-sensitive_dqn_s555,64,0,0,0.2193179023624916,0.45719213404789544,0.30931196178165354,0.30931196178165365
thread,cost-sensitive,ppo,111,11,argos_feasible_thread_generalization_evaluate_cost-sensitive_ppo_s111,64,0,0,0.25420833105476837,0.5537539522332697,0.4212429691524945,0.4212429691524945
thread,cost-sensitive,ppo,222,22,argos_feasible_thread_generalization_evaluate_cost-sensitive_ppo_s222,64,0,0,0.2866608783264587,0.6531474615228052,0.5390379952325006,0.5390379952325006
thread,cost-sensitive,ppo,333,33,argos_feasible_thread_generalization_evaluate_cost-sensitive_ppo_s333,64,0,0,0.2908306958709226,0.6541741167182283,0.5803334500260705,0.5803334500260705
thread,cost-sensitive,ppo,444,44,argos_feasible_thread_generalization_evaluate_cost-sensitive_ppo_s444,64,0,0,0.28997411248341554,0.6538722023004816,0.589909600375365,0.5899096003753651
thread,cost-sensitive,ppo,555,55,argos_feasible_thread_generalization_evaluate_cost-sensitive_ppo_s555,64,0,0,0.2962881997706465,0.6540516422320755,0.5833586275946494,0.5833586275946494
thread,short-burst,static,111,11,argos_feasible_thread_generalization_evaluate_short-burst_static_s111,64,0,0,0.03364977338213215,0.25947872522819,0.2063583972483052,0.2063583972483052
thread,short-burst,static,222,22,argos_feasible_thread_generalization_evaluate_short-burst_static_s222,64,0,0,0.03492070403444458,0.26096322493123647,0.20696251556036516,0.20696251556036516
thread,short-burst,static,333,33,argos_feasible_thread_generalization_evaluate_short-burst_static_s333,64,0,0,0.035688272122914866,0.2596230995186134,0.20659640635764417,0.20659640635764415
thread,short-burst,static,444,44,argos_feasible_thread_generalization_evaluate_short-burst_static_s444,64,0,0,0.03157503297738096,0.25949256914735286,0.20622377357636093,0.20622377357636093
thread,short-burst,static,555,55,argos_feasible_thread_generalization_evaluate_short-burst_static_s555,64,0,0,0.03493932669291405,0.2597825590009567,0.2062738578412539,0.2062738578412539
thread,short-burst,threshold,111,11,argos_feasible_thread_generalization_evaluate_short-burst_threshold_s111,64,0,0,0.028112523163008607,0.6540160126815208,0.4778753712831796,0.4778753712831796
thread,short-burst,threshold,222,22,argos_feasible_thread_generalization_evaluate_short-burst_threshold_s222,64,0,0,0.02025494241708725,0.6541946926193407,0.4782674889796159,0.4782674889796159
thread,short-burst,threshold,333,33,argos_feasible_thread_generalization_evaluate_short-burst_threshold_s333,64,0,0,0.01791580371289947,0.6537579873176261,0.47791868664964543,0.4779186866496455
thread,short-burst,threshold,444,44,argos_feasible_thread_generalization_evaluate_short-burst_threshold_s444,64,0,0,0.017550198639082915,0.6543389885963931,0.48025347972439286,0.48025347972439286
thread,short-burst,threshold,555,55,argos_feasible_thread_generalization_evaluate_short-burst_threshold_s555,64,0,0,0.021544338142112984,0.653000372642866,0.476400594760866,0.476400594760866
thread,short-burst,best_fixed,111,11,argos_feasible_thread_generalization_evaluate_short-burst_best_fixed_s111,64,0,0,0.0,0.6535464006311753,0.508715278853707,0.508715278853707
thread,short-burst,best_fixed,222,22,argos_feasible_thread_generalization_evaluate_short-burst_best_fixed_s222,64,0,0,0.0,0.6543437147994854,0.5025916258700699,0.5025916258700699
thread,short-burst,best_fixed,333,33,argos_feasible_thread_generalization_evaluate_short-burst_best_fixed_s333,64,0,0,0.0,0.6538844795871082,0.503261592214809,0.503261592214809
thread,short-burst,best_fixed,444,44,argos_feasible_thread_generalization_evaluate_short-burst_best_fixed_s444,64,0,0,0.0,0.6537536904982948,0.5035560896813103,0.5035560896813103
thread,short-burst,best_fixed,555,55,argos_feasible_thread_generalization_evaluate_short-burst_best_fixed_s555,64,0,0,0.0,0.6531382174045464,0.5028073475309789,0.5028073475309789
thread,short-burst,qlearning,111,11,argos_feasible_thread_generalization_evaluate_short-burst_qlearning_s111,64,0,0,-0.13699103379356203,0.2915176744163369,0.06712508523212482,0.06712508523212483
thread,short-burst,qlearning,222,22,argos_feasible_thread_generalization_evaluate_short-burst_qlearning_s222,64,0,0,-0.0557152685635659,0.48624897578920084,0.23846547957781533,0.23846547957781536
thread,short-burst,qlearning,333,33,argos_feasible_thread_generalization_evaluate_short-burst_qlearning_s333,64,0,0,0.02111890835758501,0.43222056166645284,0.16365267302305447,0.1636526730230545
thread,short-burst,qlearning,444,44,argos_feasible_thread_generalization_evaluate_short-burst_qlearning_s444,64,0,0,-0.01369128920316709,0.5727834935202958,0.3129058063384893,0.3129058063384893
thread,short-burst,qlearning,555,55,argos_feasible_thread_generalization_evaluate_short-burst_qlearning_s555,64,0,0,-0.048870314145205984,0.4256049715969478,0.21123521914092078,0.21123521914092078
thread,short-burst,dqn,111,11,argos_feasible_thread_generalization_evaluate_short-burst_dqn_s111,64,0,0,-0.20598678067718323,0.5186534838662628,0.3201429347842596,0.3201429347842596
thread,short-burst,dqn,222,22,argos_feasible_thread_generalization_evaluate_short-burst_dqn_s222,64,0,0,-0.24170274170274186,0.5358131064314506,0.39025078119250955,0.39025078119250955
thread,short-burst,dqn,333,33,argos_feasible_thread_generalization_evaluate_short-burst_dqn_s333,64,0,0,-0.10120644318770888,0.5309644967641948,0.33434451982313773,0.33434451982313773
thread,short-burst,dqn,444,44,argos_feasible_thread_generalization_evaluate_short-burst_dqn_s444,64,0,0,-0.3216195569136745,0.5360850216033342,0.3655643705555794,0.3655643705555794
thread,short-burst,dqn,555,55,argos_feasible_thread_generalization_evaluate_short-burst_dqn_s555,64,0,0,-0.3169688928202862,0.5732421001141477,0.3686811727795101,0.36868117277951007
thread,short-burst,ppo,111,11,argos_feasible_thread_generalization_evaluate_short-burst_ppo_s111,64,0,0,0.16312145538822254,0.5295322550490847,0.3882907030229326,0.3882907030229326
thread,short-burst,ppo,222,22,argos_feasible_thread_generalization_evaluate_short-burst_ppo_s222,64,0,0,0.16151672444555254,0.4339854904079482,0.28821952887226576,0.28821952887226576
thread,short-burst,ppo,333,33,argos_feasible_thread_generalization_evaluate_short-burst_ppo_s333,64,0,0,0.15677061889183574,0.42242040096631,0.30269308182714155,0.3026930818271416
thread,short-burst,ppo,444,44,argos_feasible_thread_generalization_evaluate_short-burst_ppo_s444,64,0,0,0.031907517503173666,0.25903237723753353,0.2066250431975698,0.20662504319756983
thread,short-burst,ppo,555,55,argos_feasible_thread_generalization_evaluate_short-burst_ppo_s555,64,0,0,0.15756499780457867,0.5022569156731345,0.2992503172657355,0.2992503172657355
thread,aggressive-incident,static,111,11,argos_feasible_thread_primary_evaluate_aggressive-incident_static_s111,64,0,0,-0.15811013828138687,0.24419756176520413,0.1456250472001842,0.14562504720018424
thread,aggressive-incident,static,222,22,argos_feasible_thread_primary_evaluate_aggressive-incident_static_s222,64,0,0,-0.1618932857566856,0.2418536109355518,0.1466450178874058,0.1466450178874058
thread,aggressive-incident,static,333,33,argos_feasible_thread_primary_evaluate_aggressive-incident_static_s333,64,0,0,-0.15089635020878478,0.24411915789400962,0.14756982132338597,0.14756982132338597
thread,aggressive-incident,static,444,44,argos_feasible_thread_primary_evaluate_aggressive-incident_static_s444,64,0,0,-0.1509673612792285,0.24175580859140994,0.14709071771204518,0.14709071771204518
thread,aggressive-incident,static,555,55,argos_feasible_thread_primary_evaluate_aggressive-incident_static_s555,64,0,0,-0.1554985195982691,0.24307765484374277,0.14704130792230807,0.14704130792230807
thread,aggressive-incident,threshold,111,11,argos_feasible_thread_primary_evaluate_aggressive-incident_threshold_s111,64,0,0,-0.3924960622600481,0.6375409967759076,0.003300791577746223,0.0033007915777462193
thread,aggressive-incident,threshold,222,22,argos_feasible_thread_primary_evaluate_aggressive-incident_threshold_s222,64,0,0,-0.38631175920075067,0.6389601651360006,0.004312040277724809,0.0043120402777248054
thread,aggressive-incident,threshold,333,33,argos_feasible_thread_primary_evaluate_aggressive-incident_threshold_s333,64,0,0,-0.38776988235174437,0.637416020561667,0.0025286865456560096,0.0025286865456560026
thread,aggressive-incident,threshold,444,44,argos_feasible_thread_primary_evaluate_aggressive-incident_threshold_s444,64,0,0,-0.3916100483314664,0.6390886755550609,0.004052744802512202,0.004052744802512192
thread,aggressive-incident,threshold,555,55,argos_feasible_thread_primary_evaluate_aggressive-incident_threshold_s555,64,0,0,-0.38220104479981104,0.639088944827809,0.01577380838072547,0.015773808380725465
thread,aggressive-incident,best_fixed,111,11,argos_feasible_thread_primary_evaluate_aggressive-incident_best_fixed_s111,64,0,0,0.0,0.6382402981028837,0.32470886498363655,0.3247088649836366
thread,aggressive-incident,best_fixed,222,22,argos_feasible_thread_primary_evaluate_aggressive-incident_best_fixed_s222,64,0,0,0.0,0.6383290571324965,0.3251402989719701,0.3251402989719701
thread,aggressive-incident,best_fixed,333,33,argos_feasible_thread_primary_evaluate_aggressive-incident_best_fixed_s333,64,0,0,0.0,0.6382771884693819,0.3376013055217171,0.3376013055217171
thread,aggressive-incident,best_fixed,444,44,argos_feasible_thread_primary_evaluate_aggressive-incident_best_fixed_s444,64,0,0,0.0,0.6394542469697839,0.3442732595009672,0.3442732595009672
thread,aggressive-incident,best_fixed,555,55,argos_feasible_thread_primary_evaluate_aggressive-incident_best_fixed_s555,64,0,0,0.0,0.6388743007884305,0.32821572202678373,0.3282157220267838
thread,aggressive-incident,qlearning,111,11,argos_feasible_thread_primary_evaluate_aggressive-incident_qlearning_s111,64,0,0,-0.3110296236923317,0.196024289012829,-0.040554249041997295,-0.0405542490419973
thread,aggressive-incident,qlearning,222,22,argos_feasible_thread_primary_evaluate_aggressive-incident_qlearning_s222,64,0,0,-0.3933823529411765,0.3873996401903359,0.029282029176050887,0.029282029176050883
thread,aggressive-incident,qlearning,333,33,argos_feasible_thread_primary_evaluate_aggressive-incident_qlearning_s333,64,0,0,-0.5353145424836603,0.30817321266224185,0.018485907748954703,0.0184859077489547
thread,aggressive-incident,qlearning,444,44,argos_feasible_thread_primary_evaluate_aggressive-incident_qlearning_s444,64,0,0,-0.16217954361360837,0.5609772227596139,0.24682445372519682,0.24682445372519685
thread,aggressive-incident,qlearning,555,55,argos_feasible_thread_primary_evaluate_aggressive-incident_qlearning_s555,64,0,0,-0.18683334806678822,0.45595681947710737,0.08064432927996783,0.08064432927996784
thread,aggressive-incident,dqn,111,11,argos_feasible_thread_primary_evaluate_aggressive-incident_dqn_s111,64,0,0,-0.3686274509803923,0.6225143113381563,0.2891698391695815,0.2891698391695815
thread,aggressive-incident,dqn,222,22,argos_feasible_thread_primary_evaluate_aggressive-incident_dqn_s222,64,0,0,-0.10065359477124192,0.6375732685563911,0.38483994368699037,0.38483994368699037
thread,aggressive-incident,dqn,333,33,argos_feasible_thread_primary_evaluate_aggressive-incident_dqn_s333,64,0,0,0.0,0.6385864024137593,0.32045788909810685,0.3204578890981068
thread,aggressive-incident,dqn,444,44,argos_feasible_thread_primary_evaluate_aggressive-incident_dqn_s444,64,0,0,-0.037161129507141455,0.42354138469052743,0.2971757358972001,0.2971757358972001
thread,aggressive-incident,dqn,555,55,argos_feasible_thread_primary_evaluate_aggressive-incident_dqn_s555,64,0,0,0.15624083475349781,0.46037368705917636,0.31045036689564953,0.31045036689564953
thread,aggressive-incident,ppo,111,11,argos_feasible_thread_primary_evaluate_aggressive-incident_ppo_s111,64,0,0,-0.10065359477124192,0.5824633456599025,0.3504843014057851,0.3504843014057851
thread,aggressive-incident,ppo,222,22,argos_feasible_thread_primary_evaluate_aggressive-incident_ppo_s222,64,0,0,0.13825969197391685,0.37328898490338536,0.27809295088769465,0.2780929508876947
thread,aggressive-incident,ppo,333,33,argos_feasible_thread_primary_evaluate_aggressive-incident_ppo_s333,64,0,0,-0.12254901960784326,0.44879995607862283,0.15790361039546313,0.1579036103954631
thread,aggressive-incident,ppo,444,44,argos_feasible_thread_primary_evaluate_aggressive-incident_ppo_s444,64,0,0,-0.08059900815362181,0.36054344177246084,0.14022826762046797,0.14022826762046797
thread,aggressive-incident,ppo,555,55,argos_feasible_thread_primary_evaluate_aggressive-incident_ppo_s555,64,0,0,0.0,0.5722575019387638,0.34637713865179065,0.34637713865179065
process,lax-background,static,111,11,argos_feasible_process_generalization_evaluate_lax-background_static_s111,64,0,0,0.24401696225137237,0.26786820733435934,0.26506177920695206,0.26506177920695206
process,lax-background,static,222,22,argos_feasible_process_generalization_evaluate_lax-background_static_s222,64,0,0,0.24388619709686982,0.26757682001380456,0.26476124358658853,0.2647612435865885
process,lax-background,static,333,33,argos_feasible_process_generalization_evaluate_lax-background_static_s333,64,0,0,0.24402379242352734,0.2678721132890153,0.2647066397295893,0.2647066397295893
process,lax-background,static,444,44,argos_feasible_process_generalization_evaluate_lax-background_static_s444,64,0,0,0.24445464089814473,0.2678687240130209,0.26499471118122553,0.26499471118122553
process,lax-background,static,555,55,argos_feasible_process_generalization_evaluate_lax-background_static_s555,64,0,0,0.24378420999265277,0.266944255780806,0.26411317076040175,0.26411317076040175
process,lax-background,threshold,111,11,argos_feasible_process_generalization_evaluate_lax-background_threshold_s111,64,0,0,0.3041485744464686,0.6386104392246019,0.6084430512927859,0.6084430512927859
process,lax-background,threshold,222,22,argos_feasible_process_generalization_evaluate_lax-background_threshold_s222,64,0,0,0.30448900496761816,0.6383176773534058,0.6082065004629216,0.6082065004629216
process,lax-background,threshold,333,33,argos_feasible_process_generalization_evaluate_lax-background_threshold_s333,64,0,0,0.30358158583746464,0.6380239823058794,0.6078291817275154,0.6078291817275154
process,lax-background,threshold,444,44,argos_feasible_process_generalization_evaluate_lax-background_threshold_s444,64,0,0,0.3010353432094561,0.6380039747792023,0.6081214688039864,0.6081214688039865
process,lax-background,threshold,555,55,argos_feasible_process_generalization_evaluate_lax-background_threshold_s555,64,0,0,0.303551216878385,0.6374141900037007,0.6078018607418163,0.6078018607418163
process,lax-background,best_fixed,111,11,argos_feasible_process_generalization_evaluate_lax-background_best_fixed_s111,64,0,0,0.6120432254183766,0.6380226777461757,0.634882824196294,0.634882824196294
process,lax-background,best_fixed,222,22,argos_feasible_process_generalization_evaluate_lax-background_best_fixed_s222,64,0,0,0.6107640538463917,0.6383212204640067,0.6349610851903009,0.6349610851903009
process,lax-background,best_fixed,333,33,argos_feasible_process_generalization_evaluate_lax-background_best_fixed_s333,64,0,0,0.6117300184500363,0.6380313676640649,0.634582256444399,0.634582256444399
process,lax-background,best_fixed,444,44,argos_feasible_process_generalization_evaluate_lax-background_best_fixed_s444,64,0,0,0.6142154432155749,0.638064851643155,0.6350423647717796,0.6350423647717796
process,lax-background,best_fixed,555,55,argos_feasible_process_generalization_evaluate_lax-background_best_fixed_s555,64,0,0,0.6116843496692715,0.63742225749202,0.6343988354556411,0.6343988354556412
process,lax-background,qlearning,111,11,argos_feasible_process_generalization_evaluate_lax-background_qlearning_s111,64,0,0,-0.016993719206151142,0.2844548428060625,0.16757813118770618,0.1675781311877062
process,lax-background,qlearning,222,22,argos_feasible_process_generalization_evaluate_lax-background_qlearning_s222,64,0,0,0.11248127833977759,0.4887778720534061,0.2785092057299746,0.2785092057299747
process,lax-background,qlearning,333,33,argos_feasible_process_generalization_evaluate_lax-background_qlearning_s333,64,0,0,-0.09241284702587285,0.31235157997627994,0.1239132475606492,0.1239132475606492
process,lax-background,qlearning,444,44,argos_feasible_process_generalization_evaluate_lax-background_qlearning_s444,64,0,0,0.25235070912924684,0.5649566151542633,0.430318873863902,0.430318873863902
process,lax-background,qlearning,555,55,argos_feasible_process_generalization_evaluate_lax-background_qlearning_s555,64,0,0,0.10373519376334861,0.4016697101821839,0.24451767630510224,0.24451767630510224
process,lax-background,dqn,111,11,argos_feasible_process_generalization_evaluate_lax-background_dqn_s111,64,0,0,0.2684059915057809,0.4313298989376373,0.38151360888430386,0.38151360888430386
process,lax-background,dqn,222,22,argos_feasible_process_generalization_evaluate_lax-background_dqn_s222,64,0,0,0.2807327774135495,0.637415239641276,0.5849818675750126,0.5849818675750126
process,lax-background,dqn,333,33,argos_feasible_process_generalization_evaluate_lax-background_dqn_s333,64,0,0,0.23613667777864666,0.4027898831588256,0.3243586735555515,0.3243586735555515
process,lax-background,dqn,444,44,argos_feasible_process_generalization_evaluate_lax-background_dqn_s444,64,0,0,0.2850914733784869,0.4989640815452199,0.4445050045786414,0.4445050045786414
process,lax-background,dqn,555,55,argos_feasible_process_generalization_evaluate_lax-background_dqn_s555,64,0,0,0.2835667033515108,0.4712052849662431,0.43213120343839295,0.43213120343839295
process,lax-background,ppo,111,11,argos_feasible_process_generalization_evaluate_lax-background_ppo_s111,64,0,0,0.28540945711817045,0.6380241327593467,0.6099648646986211,0.6099648646986211
process,lax-background,ppo,222,22,argos_feasible_process_generalization_evaluate_lax-background_ppo_s222,64,0,0,0.30484653111664584,0.6377112303816939,0.6118738060049805,0.6118738060049806
process,lax-background,ppo,333,33,argos_feasible_process_generalization_evaluate_lax-background_ppo_s333,64,0,0,0.301372586984054,0.6377305785995875,0.6108934024639406,0.6108934024639406
process,lax-background,ppo,444,44,argos_feasible_process_generalization_evaluate_lax-background_ppo_s444,64,0,0,0.30455156908287734,0.6374152303700582,0.6117838215874947,0.6117838215874947
process,lax-background,ppo,555,55,argos_feasible_process_generalization_evaluate_lax-background_ppo_s555,64,0,0,0.24331550030971805,0.26664025514733625,0.26359958194131794,0.26359958194131794
process,standard-operations,static,111,11,argos_feasible_process_generalization_evaluate_standard-operations_static_s111,64,0,0,0.1483393481899422,0.2515864886899354,0.23591944317611674,0.23591944317611674
process,standard-operations,static,222,22,argos_feasible_process_generalization_evaluate_standard-operations_static_s222,64,0,0,0.1488312543965996,0.25040987562694833,0.23426078312666487,0.23426078312666487
process,standard-operations,static,333,33,argos_feasible_process_generalization_evaluate_standard-operations_static_s333,64,0,0,0.14915545029551008,0.25193162858472185,0.23738186401883582,0.23738186401883585
process,standard-operations,static,444,44,argos_feasible_process_generalization_evaluate_standard-operations_static_s444,64,0,0,0.14856571708167687,0.2495277820197369,0.23436035240386127,0.23436035240386127
process,standard-operations,static,555,55,argos_feasible_process_generalization_evaluate_standard-operations_static_s555,64,0,0,0.1476039293411796,0.2511458901145586,0.23561047804453922,0.23561047804453922
process,standard-operations,threshold,111,11,argos_feasible_process_generalization_evaluate_standard-operations_threshold_s111,64,0,0,0.25386989676010835,0.6337799160834439,0.5761308587018183,0.5761308587018183
process,standard-operations,threshold,222,22,argos_feasible_process_generalization_evaluate_standard-operations_threshold_s222,64,0,0,0.27002373422585035,0.6355248954451778,0.5783581734349121,0.5783581734349121
process,standard-operations,threshold,333,33,argos_feasible_process_generalization_evaluate_standard-operations_threshold_s333,64,0,0,0.2787698123504602,0.6359867314160378,0.5778448955629959,0.5778448955629959
process,standard-operations,threshold,444,44,argos_feasible_process_generalization_evaluate_standard-operations_threshold_s444,64,0,0,0.2779190749391296,0.6335051580926803,0.5771618074310533,0.5771618074310534
process,standard-operations,threshold,555,55,argos_feasible_process_generalization_evaluate_standard-operations_threshold_s555,64,0,0,0.2683008418348961,0.6340739745338478,0.5768883364161191,0.5768883364161191
process,standard-operations,best_fixed,111,11,argos_feasible_process_generalization_evaluate_standard-operations_best_fixed_s111,64,0,0,0.5315941519711518,0.6340748102203415,0.6048512562504705,0.6048512562504705
process,standard-operations,best_fixed,222,22,argos_feasible_process_generalization_evaluate_standard-operations_best_fixed_s222,64,0,0,0.5317411740688454,0.6355321619038141,0.607095535614186,0.607095535614186
process,standard-operations,best_fixed,333,33,argos_feasible_process_generalization_evaluate_standard-operations_best_fixed_s333,64,0,0,0.5326233523055779,0.6353978601775372,0.6048323345709301,0.6048323345709301
process,standard-operations,best_fixed,444,44,argos_feasible_process_generalization_evaluate_standard-operations_best_fixed_s444,64,0,0,0.5305358200242576,0.6337608940103936,0.6045779308303795,0.6045779308303795
process,standard-operations,best_fixed,555,55,argos_feasible_process_generalization_evaluate_standard-operations_best_fixed_s555,64,0,0,0.5311585934257512,0.6345159055571483,0.6049046680484952,0.6049046680484952
process,standard-operations,qlearning,111,11,argos_feasible_process_generalization_evaluate_standard-operations_qlearning_s111,64,0,0,-0.2561989675384713,0.20801087719180644,-0.034954947153231886,-0.034954947153231886
process,standard-operations,qlearning,222,22,argos_feasible_process_generalization_evaluate_standard-operations_qlearning_s222,64,0,0,0.13613557511871227,0.4420846777579597,0.28043084875533064,0.28043084875533064
process,standard-operations,qlearning,333,33,argos_feasible_process_generalization_evaluate_standard-operations_qlearning_s333,64,0,0,0.007873779192065333,0.3648947885979893,0.19557176417974714,0.19557176417974714
process,standard-operations,qlearning,444,44,argos_feasible_process_generalization_evaluate_standard-operations_qlearning_s444,64,0,0,0.10825194532602356,0.4485352283662444,0.27144382375265763,0.27144382375265763
process,standard-operations,qlearning,555,55,argos_feasible_process_generalization_evaluate_standard-operations_qlearning_s555,64,0,0,0.0827576828272768,0.3934936187679877,0.23497312758100872,0.23497312758100872
process,standard-operations,dqn,111,11,argos_feasible_process_generalization_evaluate_standard-operations_dqn_s111,64,0,0,0.2779601065427301,0.4981005934995548,0.42036043303116444,0.4203604330311644
process,standard-operations,dqn,222,22,argos_feasible_process_generalization_evaluate_standard-operations_dqn_s222,64,0,0,0.2937041373162636,0.46896688037448975,0.41020057241689173,0.41020057241689173
process,standard-operations,dqn,333,33,argos_feasible_process_generalization_evaluate_standard-operations_dqn_s333,64,0,0,0.03788636539199913,0.37165027199515027,0.15786476286151288,0.1578647628615129
process,standard-operations,dqn,444,44,argos_feasible_process_generalization_evaluate_standard-operations_dqn_s444,64,0,0,0.22057716626034563,0.4135895134422899,0.32005129333390603,0.32005129333390603
process,standard-operations,dqn,555,55,argos_feasible_process_generalization_evaluate_standard-operations_dqn_s555,64,0,0,0.22785140084868483,0.33123782496162524,0.3147153224085928,0.31471532240859273
process,standard-operations,ppo,111,11,argos_feasible_process_generalization_evaluate_standard-operations_ppo_s111,64,0,0,0.27917346117987185,0.6346623425124764,0.5774718651259844,0.5774718651259844
process,standard-operations,ppo,222,22,argos_feasible_process_generalization_evaluate_standard-operations_ppo_s222,64,0,0,0.29305837846199434,0.6346636035987179,0.58187457439975,0.58187457439975
process,standard-operations,ppo,333,33,argos_feasible_process_generalization_evaluate_standard-operations_ppo_s333,64,0,0,0.29398840523274683,0.4148918154619141,0.3849579428083332,0.3849579428083332
process,standard-operations,ppo,444,44,argos_feasible_process_generalization_evaluate_standard-operations_ppo_s444,64,0,0,0.14824333636922282,0.25114571043412853,0.23641785054406989,0.23641785054406989
process,standard-operations,ppo,555,55,argos_feasible_process_generalization_evaluate_standard-operations_ppo_s555,64,0,0,0.2726116130089852,0.4711211561892439,0.44464138917987933,0.4446413891798794
process,cost-sensitive,static,111,11,argos_feasible_process_generalization_evaluate_cost-sensitive_static_s111,64,0,0,0.16810570654914125,0.27058591184823855,0.25634590551277653,0.25634590551277653
process,cost-sensitive,static,222,22,argos_feasible_process_generalization_evaluate_cost-sensitive_static_s222,64,0,0,0.16822157419048578,0.27025721477859493,0.2554215053950073,0.2554215053950073
process,cost-sensitive,static,333,33,argos_feasible_process_generalization_evaluate_cost-sensitive_static_s333,64,0,0,0.1679679044445896,0.2690954564789022,0.2547080515822153,0.2547080515822153
process,cost-sensitive,static,444,44,argos_feasible_process_generalization_evaluate_cost-sensitive_static_s444,64,0,0,0.1661834553666059,0.2686737144806415,0.25500530053688364,0.25500530053688364
process,cost-sensitive,static,555,55,argos_feasible_process_generalization_evaluate_cost-sensitive_static_s555,64,0,0,0.16826259065040927,0.27054312296468963,0.25536002890484594,0.25536002890484594
process,cost-sensitive,threshold,111,11,argos_feasible_process_generalization_evaluate_cost-sensitive_threshold_s111,64,0,0,0.28964013506425473,0.6328973636693349,0.5828020345117537,0.5828020345117537
process,cost-sensitive,threshold,222,22,argos_feasible_process_generalization_evaluate_cost-sensitive_threshold_s222,64,0,0,0.28634505081112277,0.6330643141491905,0.5830599118000803,0.5830599118000803
process,cost-sensitive,threshold,333,33,argos_feasible_process_generalization_evaluate_cost-sensitive_threshold_s333,64,0,0,0.28988774122280886,0.6337710988547296,0.582841134850554,0.582841134850554
process,cost-sensitive,threshold,444,44,argos_feasible_process_generalization_evaluate_cost-sensitive_threshold_s444,64,0,0,0.28966689851846206,0.6339275073292737,0.5834502034050331,0.5834502034050332
process,cost-sensitive,threshold,555,55,argos_feasible_process_generalization_evaluate_cost-sensitive_threshold_s555,64,0,0,0.2917306815546541,0.6335936935883071,0.5829790108705373,0.5829790108705373
process,cost-sensitive,best_fixed,111,11,argos_feasible_process_generalization_evaluate_cost-sensitive_best_fixed_s111,64,0,0,0.5314648783169362,0.6334867524951855,0.6173290951599241,0.6173290951599241
process,cost-sensitive,best_fixed,222,22,argos_feasible_process_generalization_evaluate_cost-sensitive_best_fixed_s222,64,0,0,0.5311233823044481,0.6333403590093891,0.6180180321588196,0.6180180321588196
process,cost-sensitive,best_fixed,333,33,argos_feasible_process_generalization_evaluate_cost-sensitive_best_fixed_s333,64,0,0,0.5308293882393219,0.6337804157938465,0.6163087224312029,0.6163087224312029
process,cost-sensitive,best_fixed,444,44,argos_feasible_process_generalization_evaluate_cost-sensitive_best_fixed_s444,64,0,0,0.53221175043955,0.6331926565266587,0.6164092610782468,0.6164092610782468
process,cost-sensitive,best_fixed,555,55,argos_feasible_process_generalization_evaluate_cost-sensitive_best_fixed_s555,64,0,0,0.5309668334310651,0.6344996290441319,0.6165026181852916,0.6165026181852916
process,cost-sensitive,qlearning,111,11,argos_feasible_process_generalization_evaluate_cost-sensitive_qlearning_s111,64,0,0,-0.14132902716578594,0.23897745905453438,0.03222502028424228,0.03222502028424228
process,cost-sensitive,qlearning,222,22,argos_feasible_process_generalization_evaluate_cost-sensitive_qlearning_s222,64,0,0,0.08674437500045823,0.513370850076138,0.31370649226969116,0.3137064922696911
process,cost-sensitive,qlearning,333,33,argos_feasible_process_generalization_evaluate_cost-sensitive_qlearning_s333,64,0,0,0.04425421242503025,0.29417846621112087,0.1950140480850679,0.1950140480850679
process,cost-sensitive,qlearning,444,44,argos_feasible_process_generalization_evaluate_cost-sensitive_qlearning_s444,64,0,0,0.0867150454130437,0.4790065833900492,0.2731866128286309,0.2731866128286309
process,cost-sensitive,qlearning,555,55,argos_feasible_process_generalization_evaluate_cost-sensitive_qlearning_s555,64,0,0,0.1372193714083893,0.37384856762996044,0.23531158569315708,0.23531158569315708
process,cost-sensitive,dqn,111,11,argos_feasible_process_generalization_evaluate_cost-sensitive_dqn_s111,64,0,0,0.29536039507765044,0.5910437351139837,0.496546804219368,0.496546804219368
process,cost-sensitive,dqn,222,22,argos_feasible_process_generalization_evaluate_cost-sensitive_dqn_s222,64,0,0,0.2946004086018901,0.5922873715569461,0.45830722783866695,0.458307227838667
process,cost-sensitive,dqn,333,33,argos_feasible_process_generalization_evaluate_cost-sensitive_dqn_s333,64,0,0,0.29296458810321035,0.5676340659193639,0.5177993374615089,0.5177993374615089
process,cost-sensitive,dqn,444,44,argos_feasible_process_generalization_evaluate_cost-sensitive_dqn_s444,64,0,0,0.29333761884455445,0.47197270829701843,0.4048877646287718,0.4048877646287718
process,cost-sensitive,dqn,555,55,argos_feasible_process_generalization_evaluate_cost-sensitive_dqn_s555,64,0,0,0.2899572207554265,0.4392525664037033,0.3619313703437732,0.3619313703437732
process,cost-sensitive,ppo,111,11,argos_feasible_process_generalization_evaluate_cost-sensitive_ppo_s111,64,0,0,0.29117561840006106,0.6337810919291995,0.582099715755342,0.5820997157553421
process,cost-sensitive,ppo,222,22,argos_feasible_process_generalization_evaluate_cost-sensitive_ppo_s222,64,0,0,0.16767460807234702,0.2689690487218866,0.25461537848638194,0.25461537848638194
process,cost-sensitive,ppo,333,33,argos_feasible_process_generalization_evaluate_cost-sensitive_ppo_s333,64,0,0,0.2724351766254659,0.5067902611322019,0.44352392865627066,0.44352392865627066
process,cost-sensitive,ppo,444,44,argos_feasible_process_generalization_evaluate_cost-sensitive_ppo_s444,64,0,0,0.1675078916237055,0.26924312638119496,0.25523619505788364,0.25523619505788364
process,cost-sensitive,ppo,555,55,argos_feasible_process_generalization_evaluate_cost-sensitive_ppo_s555,64,0,0,0.28035231890524437,0.633781436890861,0.5817715064060822,0.5817715064060822
process,short-burst,static,111,11,argos_feasible_process_generalization_evaluate_short-burst_static_s111,64,0,0,0.12281290183208726,0.23775197350720734,0.20537771366802815,0.20537771366802815
process,short-burst,static,222,22,argos_feasible_process_generalization_evaluate_short-burst_static_s222,64,0,0,0.12169036494335272,0.23981100377516135,0.20705945052754104,0.20705945052754104
process,short-burst,static,333,33,argos_feasible_process_generalization_evaluate_short-burst_static_s333,64,0,0,0.11493532146477964,0.25203669770955783,0.21620584131743825,0.21620584131743825
process,short-burst,static,444,44,argos_feasible_process_generalization_evaluate_short-burst_static_s444,64,0,0,0.12473042979075832,0.2532130772024978,0.21846309928861046,0.21846309928861046
process,short-burst,static,555,55,argos_feasible_process_generalization_evaluate_short-burst_static_s555,64,0,0,0.12368593304030917,0.25345041499441,0.2189021690205271,0.2189021690205271
process,short-burst,threshold,111,11,argos_feasible_process_generalization_evaluate_short-burst_threshold_s111,64,0,0,-0.01575494147843981,0.6342181162425913,0.49264578077858684,0.49264578077858684
process,short-burst,threshold,222,22,argos_feasible_process_generalization_evaluate_short-burst_threshold_s222,64,0,0,-0.00608385926228916,0.6322910352703002,0.4926284707727674,0.4926284707727674
process,short-burst,threshold,333,33,argos_feasible_process_generalization_evaluate_short-burst_threshold_s333,64,0,0,-0.007976762534132487,0.6321822068661282,0.5046988499320286,0.5046988499320286
process,short-burst,threshold,444,44,argos_feasible_process_generalization_evaluate_short-burst_threshold_s444,64,0,0,-0.004454893772284585,0.647751568711695,0.5130052545581825,0.5130052545581825
process,short-burst,threshold,555,55,argos_feasible_process_generalization_evaluate_short-burst_threshold_s555,64,0,0,0.009270594553844158,0.6474574755086707,0.5023916942508213,0.5023916942508213
process,short-burst,best_fixed,111,11,argos_feasible_process_generalization_evaluate_short-burst_best_fixed_s111,64,0,0,0.1258575271157658,0.6337898801372963,0.4967429361327758,0.49674293613277587
process,short-burst,best_fixed,222,22,argos_feasible_process_generalization_evaluate_short-burst_best_fixed_s222,64,0,0,0.14533417645622704,0.6314074119271886,0.5062499120252889,0.5062499120252889
process,short-burst,best_fixed,333,33,argos_feasible_process_generalization_evaluate_short-burst_best_fixed_s333,64,0,0,0.14927811342127173,0.6458903083844855,0.5058725887995246,0.5058725887995246
process,short-burst,best_fixed,444,44,argos_feasible_process_generalization_evaluate_short-burst_best_fixed_s444,64,0,0,0.1526524712057673,0.6450078630936007,0.5022615909202957,0.5022615909202957
process,short-burst,best_fixed,555,55,argos_feasible_process_generalization_evaluate_short-burst_best_fixed_s555,64,0,0,0.16016041811774762,0.648211606196135,0.5050440314029812,0.5050440314029814
process,short-burst,qlearning,111,11,argos_feasible_process_generalization_evaluate_short-burst_qlearning_s111,64,0,0,-0.19907765948738942,0.2714353527237713,0.025851006122375488,0.025851006122375494
process,short-burst,qlearning,222,22,argos_feasible_process_generalization_evaluate_short-burst_qlearning_s222,64,0,0,0.028829874940439815,0.44429613287770053,0.23242716241473083,0.23242716241473083
process,short-burst,qlearning,333,33,argos_feasible_process_generalization_evaluate_short-burst_qlearning_s333,64,0,0,0.0014464488149110721,0.40194232155882936,0.1426090674461385,0.14260906744613847
process,short-burst,qlearning,444,44,argos_feasible_process_generalization_evaluate_short-burst_qlearning_s444,64,0,0,-0.12877176319206662,0.5667756010174241,0.30444357250766807,0.3044435725076681
process,short-burst,qlearning,555,55,argos_feasible_process_generalization_evaluate_short-burst_qlearning_s555,64,0,0,-0.05556526135657042,0.4202855104742882,0.21014042820422796,0.2101404282042279
process,short-burst,dqn,111,11,argos_feasible_process_generalization_evaluate_short-burst_dqn_s111,64,0,0,0.019028888101426833,0.4787056734761135,0.26993995205049043,0.26993995205049043
process,short-burst,dqn,222,22,argos_feasible_process_generalization_evaluate_short-burst_dqn_s222,64,0,0,0.20832731530239856,0.6318301172841488,0.4707835445122369,0.47078354451223686
process,short-burst,dqn,333,33,argos_feasible_process_generalization_evaluate_short-burst_dqn_s333,64,0,0,-0.2500833245000816,0.42620774892603774,0.1961762327534041,0.19617623275340412
process,short-burst,dqn,444,44,argos_feasible_process_generalization_evaluate_short-burst_dqn_s444,64,0,0,-0.10200720241107408,0.5098299250450287,0.29042888564572433,0.29042888564572433
process,short-burst,dqn,555,55,argos_feasible_process_generalization_evaluate_short-burst_dqn_s555,64,0,0,0.0033214950299074175,0.5342348166094181,0.2973402842112809,0.2973402842112809
process,short-burst,ppo,111,11,argos_feasible_process_generalization_evaluate_short-burst_ppo_s111,64,0,0,0.2618338937711776,0.4822172110526064,0.4181214514503935,0.4181214514503935
process,short-burst,ppo,222,22,argos_feasible_process_generalization_evaluate_short-burst_ppo_s222,64,0,0,0.21648011986157245,0.4428542769528429,0.29846623990526966,0.29846623990526966
process,short-burst,ppo,333,33,argos_feasible_process_generalization_evaluate_short-burst_ppo_s333,64,0,0,0.24645584272113574,0.3616064588053334,0.3271647508963109,0.32716475089631086
process,short-burst,ppo,444,44,argos_feasible_process_generalization_evaluate_short-burst_ppo_s444,64,0,0,-0.08618074295075451,0.4921439674450006,0.2829043619805075,0.2829043619805075
process,short-burst,ppo,555,55,argos_feasible_process_generalization_evaluate_short-burst_ppo_s555,64,0,0,0.1265775918844665,0.25334095168908105,0.2196486470187759,0.2196486470187759
process,aggressive-incident,static,111,11,argos_feasible_process_primary_evaluate_aggressive-incident_static_s111,64,0,0,-0.012663492368382934,0.23028762997387703,0.16746511350368762,0.16746511350368762
process,aggressive-incident,static,222,22,argos_feasible_process_primary_evaluate_aggressive-incident_static_s222,64,0,0,-0.010865760183467965,0.23001316373016623,0.1694991105274637,0.1694991105274637
process,aggressive-incident,static,333,33,argos_feasible_process_primary_evaluate_aggressive-incident_static_s333,64,0,0,-0.007694746599811841,0.22972690001454238,0.16885175341904185,0.16885175341904185
process,aggressive-incident,static,444,44,argos_feasible_process_primary_evaluate_aggressive-incident_static_s444,64,0,0,-0.007182282092524472,0.22896088578386592,0.16854881268576072,0.16854881268576075
process,aggressive-incident,static,555,55,argos_feasible_process_primary_evaluate_aggressive-incident_static_s555,64,0,0,-0.011962969697156267,0.22942717790934258,0.16686875631353226,0.16686875631353226
process,aggressive-incident,threshold,111,11,argos_feasible_process_primary_evaluate_aggressive-incident_threshold_s111,64,0,0,-0.392986418197934,0.6283408656579526,0.03570360162908653,0.03570360162908652
process,aggressive-incident,threshold,222,22,argos_feasible_process_primary_evaluate_aggressive-incident_threshold_s222,64,0,0,-0.3943016813662882,0.6268659316886933,0.03527061158744383,0.03527061158744384
process,aggressive-incident,threshold,333,33,argos_feasible_process_primary_evaluate_aggressive-incident_threshold_s333,64,0,0,-0.39469218021807784,0.6272765089309502,0.035382227700026095,0.0353822277000261
process,aggressive-incident,threshold,444,44,argos_feasible_process_primary_evaluate_aggressive-incident_threshold_s444,64,0,0,-0.3942984029986859,0.626639262909985,0.03501525920163166,0.03501525920163168
process,aggressive-incident,threshold,555,55,argos_feasible_process_primary_evaluate_aggressive-incident_threshold_s555,64,0,0,-0.3949623844636969,0.6260433426801388,0.03586325068781128,0.03586325068781129
process,aggressive-incident,best_fixed,111,11,argos_feasible_process_primary_evaluate_aggressive-incident_best_fixed_s111,64,0,0,0.0,0.6282990558397191,0.3869159702554732,0.38691597025547325
process,aggressive-incident,best_fixed,222,22,argos_feasible_process_primary_evaluate_aggressive-incident_best_fixed_s222,64,0,0,0.0,0.6276133064392214,0.3899660247344497,0.38996602473444963
process,aggressive-incident,best_fixed,333,33,argos_feasible_process_primary_evaluate_aggressive-incident_best_fixed_s333,64,0,0,0.0,0.6270631115241713,0.387027196360552,0.38702719636055205
process,aggressive-incident,best_fixed,444,44,argos_feasible_process_primary_evaluate_aggressive-incident_best_fixed_s444,64,0,0,0.0,0.626633449481492,0.3855187611377403,0.3855187611377403
process,aggressive-incident,best_fixed,555,55,argos_feasible_process_primary_evaluate_aggressive-incident_best_fixed_s555,64,0,0,0.0,0.6262593879914208,0.3849913528452171,0.3849913528452171
process,aggressive-incident,qlearning,111,11,argos_feasible_process_primary_evaluate_aggressive-incident_qlearning_s111,64,0,0,-0.26028184215195566,0.18190681138959275,-0.008735122204088704,-0.008735122204088702
process,aggressive-incident,qlearning,222,22,argos_feasible_process_primary_evaluate_aggressive-incident_qlearning_s222,64,0,0,-0.3130718954248367,0.37399391899506884,0.07031834885605993,0.07031834885605993
process,aggressive-incident,qlearning,333,33,argos_feasible_process_primary_evaluate_aggressive-incident_qlearning_s333,64,0,0,-0.1677285750928258,0.316903125034643,0.09456524932045332,0.09456524932045332
process,aggressive-incident,qlearning,444,44,argos_feasible_process_primary_evaluate_aggressive-incident_qlearning_s444,64,0,0,-0.19738562091503287,0.549305665716664,0.2708778728579442,0.2708778728579442
process,aggressive-incident,qlearning,555,55,argos_feasible_process_primary_evaluate_aggressive-incident_qlearning_s555,64,0,0,-0.11030484843837335,0.44283315146158875,0.14915031064433182,0.14915031064433182
process,aggressive-incident,dqn,111,11,argos_feasible_process_primary_evaluate_aggressive-incident_dqn_s111,64,0,0,-0.04084967320261457,0.5165349185441861,0.30676601048961516,0.30676601048961516
process,aggressive-incident,dqn,222,22,argos_feasible_process_primary_evaluate_aggressive-incident_dqn_s222,64,0,0,-0.10065359477124192,0.6270946131270794,0.4056670760661285,0.4056670760661285
process,aggressive-incident,dqn,333,33,argos_feasible_process_primary_evaluate_aggressive-incident_dqn_s333,64,0,0,-0.12254901960784326,0.549980075063269,0.2675813052546886,0.2675813052546886
process,aggressive-incident,dqn,444,44,argos_feasible_process_primary_evaluate_aggressive-incident_dqn_s444,64,0,0,-0.09354575163398715,0.5852656546898255,0.31484231487268605,0.31484231487268605
process,aggressive-incident,dqn,555,55,argos_feasible_process_primary_evaluate_aggressive-incident_dqn_s555,64,0,0,-0.0816993464052288,0.6235120933703071,0.3552266216961594,0.3552266216961594
process,aggressive-incident,ppo,111,11,argos_feasible_process_primary_evaluate_aggressive-incident_ppo_s111,64,0,0,0.0,0.6285919038686095,0.36113402167315106,0.36113402167315106
process,aggressive-incident,ppo,222,22,argos_feasible_process_primary_evaluate_aggressive-incident_ppo_s222,64,0,0,0.24760066547981496,0.4969403168934263,0.42211989723472876,0.42211989723472876
process,aggressive-incident,ppo,333,33,argos_feasible_process_primary_evaluate_aggressive-incident_ppo_s333,64,0,0,-0.006561935382063067,0.22857151547188503,0.16890786108827022,0.16890786108827022
process,aggressive-incident,ppo,444,44,argos_feasible_process_primary_evaluate_aggressive-incident_ppo_s444,64,0,0,-0.38602941176470595,0.3362491451986015,0.019121820779031427,0.019121820779031427
process,aggressive-incident,ppo,555,55,argos_feasible_process_primary_evaluate_aggressive-incident_ppo_s555,64,0,0,-0.10065359477124192,0.6253587919090573,0.3700959632264601,0.3700959632264601
