runtime,profile,controller,mean_reward,seed_std,seed_count
process,aggressive-incident,best_fixed,0.38688386106668654,0.0019343212030122215,5
process,aggressive-incident,dqn,0.3300166656758555,0.05250608201573057,5
process,aggressive-incident,ppo,0.26827591280032836,0.1692702675242143,5
process,aggressive-incident,qlearning,0.11523533189494009,0.10390895956252118,5
process,aggressive-incident,static,0.16824670928989724,0.0010648356795717572,5
process,aggressive-incident,threshold,0.03544699016119989,0.0003394176890546872,5
process,cost-sensitive,best_fixed,0.616913545802697,0.0007385030940892143,5
process,cost-sensitive,dqn,0.44789450089841776,0.06442320400096575,5
process,cost-sensitive,ppo,0.42344934487239205,0.1638897555555593,5
process,cost-sensitive,qlearning,0.2098887518321578,0.10864704464100866,5
process,cost-sensitive,static,0.25536815838634574,0.0006177192418125344,5
process,cost-sensitive,threshold,0.5830264590875917,0.00025867021809237496,5
process,lax-background,best_fixed,0.6347734732116829,0.00027220206822792644,5
process,lax-background,dqn,0.43349807160638043,0.09706203417726075,5
process,lax-background,ppo,0.541623095339271,0.1554217944394945,5
process,lax-background,qlearning,0.24896742692946683,0.11836767878044095,5
process,lax-background,static,0.2647275088929514,0.0003748728445486634,5
process,lax-background,threshold,0.6080804126058051,0.00026916475974491836,5
process,short-burst,best_fixed,0.5032342118561732,0.003950113264176601,5
process,short-burst,dqn,0.3049337798346275,0.10102842372934207,5
process,short-burst,ppo,0.3092610902502516,0.0724788162260615,5
process,short-burst,qlearning,0.18309424733902818,0.10518481096078224,5
process,short-burst,static,0.21320165476442904,0.0064835276909621705,5
process,short-burst,threshold,0.5010740100584774,0.008654370769620652,5
process,standard-operations,best_fixed,0.6052523450628922,0.0010380686779475877,5
process,standard-operations,dqn,0.3246384768104136,0.10537616905299166,5
process,standard-operations,ppo,0.4450727244116033,0.14439105584146575,5
process,standard-operations,qlearning,0.18949292342310245,0.12987292270715534,5
process,standard-operations,static,0.2355065841540036,0.0012809945851592318,5
process,standard-operations,threshold,0.5772768143093798,0.0008615987725151281,5
thread,aggressive-incident,best_fixed,0.33198789020101493,0.008610222077404599,5
thread,aggressive-incident,dqn,0.32041875494950567,0.03796772485385162,5
thread,aggressive-incident,ppo,0.2546172537922403,0.10074701561110636,5
thread,aggressive-incident,qlearning,0.06693649417763456,0.10939282502879867,5
thread,aggressive-incident,static,0.14679438240906584,0.0007313936904610574,5
thread,aggressive-incident,threshold,0.005993614316872914,0.005511439930082612,5
thread,cost-sensitive,best_fixed,0.6239312233280352,0.0005473906698158935,5
thread,cost-sensitive,dqn,0.3656538187882472,0.07137919228678473,5
thread,cost-sensitive,ppo,0.5427765284762159,0.07082255690194604,5
thread,cost-sensitive,qlearning,0.24542037168003145,0.046707349180789046,5
thread,cost-sensitive,static,0.2659422577576432,0.0002918057218602852,5
thread,cost-sensitive,threshold,0.5895737250876378,0.0004392312292717069,5
thread,lax-background,best_fixed,0.652826327009598,0.00015837535105231175,5
thread,lax-background,dqn,0.4263499601399937,0.15653281370565994,5
thread,lax-background,ppo,0.4826976336449384,0.117296407635678,5
thread,lax-background,qlearning,0.25924185423093526,0.11992120764950699,5
thread,lax-background,static,0.2834588321450026,8.636851034393174e-05,5
thread,lax-background,threshold,0.6260901007782478,0.00018568344245453464,5
thread,short-burst,best_fixed,0.5041863868301751,0.0025597067432567284,5
thread,short-burst,dqn,0.3557967558269993,0.028195246700873318,5
thread,short-burst,ppo,0.29701573483712906,0.06445191195621912,5
thread,short-burst,qlearning,0.19867685266248097,0.09127110979356429,5
thread,short-burst,static,0.2064829901167859,0.0003038341657490607,5
thread,short-burst,threshold,0.4781431242795399,0.001380900043673374,5
thread,standard-operations,best_fixed,0.6066584958125778,0.0005481749686478588,5
thread,standard-operations,dqn,0.41310937620823707,0.11856679533288053,5
thread,standard-operations,ppo,0.3718921469497988,0.17990978619159115,5
thread,standard-operations,qlearning,0.25410950655671594,0.03517573691362715,5
thread,standard-operations,static,0.24045260504431676,0.0007643998895961161,5
thread,standard-operations,threshold,0.5786997677326455,0.00015933481636669808,5
