runtime,controller,baseline,reward_mean_delta,reward_ci95_low,reward_ci95_high,reward_wins,raw_reward_mean_delta,raw_reward_ci95_low,raw_reward_ci95_high,raw_reward_wins,conclusion_changed
thread,threshold,static,0.22707385294442597,0.22595681460671752,0.22819089128213443,5,0.22707385294442597,0.2259568146067175,0.22819089128213446,5,False
thread,best_fixed,static,0.31529185114171737,0.31316835618223804,0.3174153461011967,5,0.31529185114171737,0.313168356182238,0.31741534610119676,5,False
thread,qlearning,static,-0.023749197633003205,-0.10240074940479363,0.05490235413878722,1,-0.023749197633003212,-0.10240074940479366,0.054902354138787225,1,False
thread,dqn,static,0.14763951968803374,0.08827379678370187,0.2070052425923656,5,0.14763951968803374,0.08827379678370184,0.20700524259236563,5,False
thread,ppo,static,0.1611736460455016,0.08543210674321046,0.23691518534779277,5,0.16117364604550163,0.0854321067432105,0.23691518534779277,5,False
thread,static,threshold,-0.22707385294442597,-0.22819089128213443,-0.22595681460671752,0,-0.22707385294442597,-0.22819089128213446,-0.2259568146067175,0,False
thread,best_fixed,threshold,0.08821799819729141,0.08567589263024582,0.090760103764337,5,0.08821799819729144,0.0856758926302458,0.09076010376433707,5,False
thread,qlearning,threshold,-0.2508230505774292,-0.3289833739246828,-0.17266272723017562,0,-0.2508230505774292,-0.3289833739246828,-0.17266272723017562,0,False
thread,dqn,threshold,-0.07943433325639224,-0.13884704147908183,-0.020021625033702653,0,-0.07943433325639221,-0.13884704147908183,-0.02002162503370259,0,False
thread,ppo,threshold,-0.06590020689892435,-0.1421104637322528,0.010310049934404097,1,-0.06590020689892431,-0.14211046373225278,0.010310049934404153,1,False
thread,static,best_fixed,-0.31529185114171737,-0.3174153461011967,-0.31316835618223804,0,-0.31529185114171737,-0.31741534610119676,-0.313168356182238,0,False
thread,threshold,best_fixed,-0.08821799819729141,-0.090760103764337,-0.08567589263024582,0,-0.08821799819729144,-0.09076010376433707,-0.0856758926302458,0,False
thread,qlearning,best_fixed,-0.3390410487747205,-0.4164911774938432,-0.26159092005559786,0,-0.33904104877472063,-0.41649117749384323,-0.26159092005559803,0,False
thread,dqn,best_fixed,-0.16765233145368366,-0.22670034164593672,-0.1086043212614306,0,-0.16765233145368366,-0.22670034164593672,-0.1086043212614306,0,False
thread,ppo,best_fixed,-0.15411820509621577,-0.22998103953987342,-0.07825537065255811,0,-0.15411820509621577,-0.22998103953987348,-0.07825537065255805,0,False
process,threshold,static,0.23357081414696537,0.2325120090878541,0.23462961920607664,5,0.23357081414696537,0.2325120090878541,0.23462961920607664,5,False
process,best_fixed,static,0.322001364302501,0.31975672227816343,0.32424600632683853,5,0.322001364302501,0.31975672227816343,0.32424600632683853,5,False
process,qlearning,static,-0.0380743868137863,-0.16492806814253544,0.08877929451496283,2,-0.03807438681378631,-0.1649280681425355,0.08877929451496289,2,False
process,dqn,static,0.14078617586761358,0.06180736791954011,0.21976498381568704,5,0.14078617586761352,0.06180736791954003,0.21976498381568702,5,False
process,ppo,static,0.17012631043724388,0.06495318502198454,0.2752994358525032,5,0.17012631043724386,0.06495318502198451,0.2752994358525032,5,False
process,static,threshold,-0.23357081414696537,-0.23462961920607664,-0.2325120090878541,0,-0.23357081414696537,-0.23462961920607664,-0.2325120090878541,0,False
process,best_fixed,threshold,0.0884305501555356,0.08559490353018058,0.09126619678089061,5,0.0884305501555356,0.08559490353018058,0.09126619678089061,5,False
process,qlearning,threshold,-0.2716452009607517,-0.39779421229759254,-0.1454961896239108,0,-0.2716452009607517,-0.3977942122975926,-0.14549618962391078,0,False
process,dqn,threshold,-0.09278463827935182,-0.17189305842449226,-0.013676218134211382,1,-0.09278463827935184,-0.17189305842449226,-0.013676218134211396,1,False
process,ppo,threshold,-0.06344450370972152,-0.16944005422663416,0.042551046807191115,1,-0.06344450370972152,-0.16944005422663416,0.042551046807191115,1,False
process,static,best_fixed,-0.322001364302501,-0.32424600632683853,-0.31975672227816343,0,-0.322001364302501,-0.32424600632683853,-0.31975672227816343,0,False
process,threshold,best_fixed,-0.0884305501555356,-0.09126619678089061,-0.08559490353018058,0,-0.0884305501555356,-0.09126619678089061,-0.08559490353018058,0,False
process,qlearning,best_fixed,-0.36007575111628726,-0.4871114415190927,-0.2330400607134818,0,-0.36007575111628726,-0.48711144151909275,-0.23304006071348177,0,False
process,dqn,best_fixed,-0.18121518843488743,-0.25829451225696176,-0.1041358646128131,0,-0.18121518843488743,-0.25829451225696176,-0.10413586461281311,0,False
process,ppo,best_fixed,-0.15187505386525713,-0.2558400826596788,-0.04791002507083546,0,-0.15187505386525713,-0.2558400826596788,-0.04791002507083546,0,False
