runtime,controller,baseline,seed_unit_count,mean_paired_delta,ci95_low,ci95_high,wins,ties,losses
thread,threshold,static,5,0.22707385294442592,0.2259568146067174,0.22819089128213443,5,0,0
thread,best_fixed,static,5,0.31529185114171737,0.313168356182238,0.31741534610119676,5,0,0
thread,qlearning,static,5,-0.023749197633003226,-0.10240074940479366,0.05490235413878721,1,0,4
thread,dqn,static,5,0.14763951968803374,0.08827379678370187,0.2070052425923656,5,0,0
thread,ppo,static,5,0.16117364604550163,0.08543210674321045,0.23691518534779282,5,0,0
thread,static,threshold,5,-0.22707385294442592,-0.22819089128213443,-0.2259568146067174,0,0,5
thread,best_fixed,threshold,5,0.08821799819729144,0.08567589263024585,0.09076010376433703,5,0,0
thread,qlearning,threshold,5,-0.2508230505774292,-0.3289833739246828,-0.17266272723017564,0,0,5
thread,dqn,threshold,5,-0.0794343332563922,-0.13884704147908172,-0.02002162503370266,0,0,5
thread,ppo,threshold,5,-0.0659002068989243,-0.14211046373225278,0.01031004993440418,1,0,4
thread,static,best_fixed,5,-0.31529185114171737,-0.31741534610119676,-0.313168356182238,0,0,5
thread,threshold,best_fixed,5,-0.08821799819729144,-0.09076010376433703,-0.08567589263024585,0,0,5
thread,qlearning,best_fixed,5,-0.33904104877472063,-0.4164911774938433,-0.261590920055598,0,0,5
thread,dqn,best_fixed,5,-0.1676523314536836,-0.22670034164593666,-0.10860432126143055,0,0,5
thread,ppo,best_fixed,5,-0.1541182050962157,-0.22998103953987345,-0.07825537065255797,0,0,5
process,threshold,static,5,0.23357081414696537,0.23251200908785413,0.2346296192060766,5,0,0
process,best_fixed,static,5,0.3220013643025009,0.3197567222781634,0.3242460063268385,5,0,0
process,qlearning,static,5,-0.03807438681378636,-0.16492806814253555,0.08877929451496283,2,0,3
process,dqn,static,5,0.14078617586761355,0.061807367919540085,0.21976498381568702,5,0,0
process,ppo,static,5,0.17012631043724386,0.06495318502198448,0.2752994358525032,5,0,0
process,static,threshold,5,-0.23357081414696537,-0.2346296192060766,-0.23251200908785413,0,0,5
process,best_fixed,threshold,5,0.08843055015553555,0.08559490353018055,0.09126619678089055,5,0,0
process,qlearning,threshold,5,-0.27164520096075173,-0.3977942122975926,-0.14549618962391087,0,0,5
process,dqn,threshold,5,-0.09278463827935182,-0.17189305842449226,-0.013676218134211382,1,0,4
process,ppo,threshold,5,-0.06344450370972152,-0.16944005422663422,0.04255104680719117,1,0,4
process,static,best_fixed,5,-0.3220013643025009,-0.3242460063268385,-0.3197567222781634,0,0,5
process,threshold,best_fixed,5,-0.08843055015553555,-0.09126619678089055,-0.08559490353018055,0,0,5
process,qlearning,best_fixed,5,-0.36007575111628726,-0.4871114415190927,-0.23304006071348182,0,0,5
process,dqn,best_fixed,5,-0.18121518843488738,-0.2582945122569617,-0.10413586461281304,0,0,5
process,ppo,best_fixed,5,-0.15187505386525707,-0.25584008265967884,-0.047910025070835305,0,0,5
