runtime,controller,baseline,seed,controller_reward,baseline_reward,reward_delta
thread,threshold,static,111,0.45501917011493803,0.2284286559490222,0.22659051416591583
thread,threshold,static,222,0.4553026983367644,0.22863454211810916,0.22666815621865524
thread,threshold,static,333,0.455096875221584,0.22881697367330597,0.226279901548278
thread,threshold,static,444,0.4557403039989417,0.22845446136321984,0.22728584263572188
thread,threshold,static,555,0.45734128452271594,0.22879643436915717,0.22854485015355877
thread,best_fixed,static,111,0.5434346730810357,0.2284286559490222,0.3150060171320135
thread,best_fixed,static,222,0.5421429056832784,0.22863454211810916,0.3135083635651692
thread,best_fixed,static,333,0.5448188025155114,0.22881697367330597,0.3160018288422054
thread,best_fixed,static,444,0.5462979678902824,0.22845446136321984,0.31784350652706256
thread,best_fixed,static,555,0.5428959740112934,0.22879643436915717,0.3140995396421362
thread,qlearning,static,111,0.14042683605099104,0.2284286559490222,-0.08800181989803116
thread,qlearning,static,222,0.1975992653877117,0.22863454211810916,-0.031035276730397465
thread,qlearning,static,333,0.1655548923853067,0.22881697367330597,-0.06326208128799926
thread,qlearning,static,444,0.3057321514040137,0.22845446136321984,0.07727769004079388
thread,qlearning,static,555,0.21507193407977504,0.22879643436915717,-0.01372450028938213
thread,dqn,static,111,0.4185778844561024,0.2284286559490222,0.1901492285070802
thread,dqn,static,222,0.389688927584166,0.22863454211810916,0.16105438546605685
thread,dqn,static,333,0.30833151574128875,0.22881697367330597,0.07951454206798278
thread,dqn,static,444,0.41713167887785296,0.22845446136321984,0.18867721751463312
thread,dqn,static,555,0.347598659253573,0.22879643436915717,0.1188022248844158
thread,ppo,static,111,0.46633082872902937,0.2284286559490222,0.23790217278000717
thread,ppo,static,222,0.335992829222138,0.22863454211810916,0.10735828710402887
thread,ppo,static,333,0.44041844513251976,0.22881697367330597,0.2116014714592138
thread,ppo,static,444,0.3321220879353959,0.22845446136321984,0.10366762657217604
thread,ppo,static,555,0.37413510668123956,0.22879643436915717,0.1453386723120824
thread,static,threshold,111,0.2284286559490222,0.45501917011493803,-0.22659051416591583
thread,static,threshold,222,0.22863454211810916,0.4553026983367644,-0.22666815621865524
thread,static,threshold,333,0.22881697367330597,0.455096875221584,-0.226279901548278
thread,static,threshold,444,0.22845446136321984,0.4557403039989417,-0.22728584263572188
thread,static,threshold,555,0.22879643436915717,0.45734128452271594,-0.22854485015355877
thread,best_fixed,threshold,111,0.5434346730810357,0.45501917011493803,0.08841550296609763
thread,best_fixed,threshold,222,0.5421429056832784,0.4553026983367644,0.08684020734651399
thread,best_fixed,threshold,333,0.5448188025155114,0.455096875221584,0.08972192729392742
thread,best_fixed,threshold,444,0.5462979678902824,0.4557403039989417,0.09055766389134068
thread,best_fixed,threshold,555,0.5428959740112934,0.45734128452271594,0.08555468948857747
thread,qlearning,threshold,111,0.14042683605099104,0.45501917011493803,-0.314592334063947
thread,qlearning,threshold,222,0.1975992653877117,0.4553026983367644,-0.25770343294905274
thread,qlearning,threshold,333,0.1655548923853067,0.455096875221584,-0.2895419828362773
thread,qlearning,threshold,444,0.3057321514040137,0.4557403039989417,-0.150008152594928
thread,qlearning,threshold,555,0.21507193407977504,0.45734128452271594,-0.2422693504429409
thread,dqn,threshold,111,0.4185778844561024,0.45501917011493803,-0.03644128565883564
thread,dqn,threshold,222,0.389688927584166,0.4553026983367644,-0.06561377075259839
thread,dqn,threshold,333,0.30833151574128875,0.455096875221584,-0.14676535948029523
thread,dqn,threshold,444,0.41713167887785296,0.4557403039989417,-0.03860862512108876
thread,dqn,threshold,555,0.347598659253573,0.45734128452271594,-0.10974262526914297
thread,ppo,threshold,111,0.46633082872902937,0.45501917011493803,0.011311658614091336
thread,ppo,threshold,222,0.335992829222138,0.4553026983367644,-0.11930986911462638
thread,ppo,threshold,333,0.44041844513251976,0.455096875221584,-0.01467843008906422
thread,ppo,threshold,444,0.3321220879353959,0.4557403039989417,-0.12361821606354584
thread,ppo,threshold,555,0.37413510668123956,0.45734128452271594,-0.08320617784147638
thread,static,best_fixed,111,0.2284286559490222,0.5434346730810357,-0.3150060171320135
thread,static,best_fixed,222,0.22863454211810916,0.5421429056832784,-0.3135083635651692
thread,static,best_fixed,333,0.22881697367330597,0.5448188025155114,-0.3160018288422054
thread,static,best_fixed,444,0.22845446136321984,0.5462979678902824,-0.31784350652706256
thread,static,best_fixed,555,0.22879643436915717,0.5428959740112934,-0.3140995396421362
thread,threshold,best_fixed,111,0.45501917011493803,0.5434346730810357,-0.08841550296609763
thread,threshold,best_fixed,222,0.4553026983367644,0.5421429056832784,-0.08684020734651399
thread,threshold,best_fixed,333,0.455096875221584,0.5448188025155114,-0.08972192729392742
thread,threshold,best_fixed,444,0.4557403039989417,0.5462979678902824,-0.09055766389134068
thread,threshold,best_fixed,555,0.45734128452271594,0.5428959740112934,-0.08555468948857747
thread,qlearning,best_fixed,111,0.14042683605099104,0.5434346730810357,-0.4030078370300446
thread,qlearning,best_fixed,222,0.1975992653877117,0.5421429056832784,-0.3445436402955667
thread,qlearning,best_fixed,333,0.1655548923853067,0.5448188025155114,-0.37926391013020466
thread,qlearning,best_fixed,444,0.3057321514040137,0.5462979678902824,-0.24056581648626868
thread,qlearning,best_fixed,555,0.21507193407977504,0.5428959740112934,-0.3278240399315184
thread,dqn,best_fixed,111,0.4185778844561024,0.5434346730810357,-0.12485678862493327
thread,dqn,best_fixed,222,0.389688927584166,0.5421429056832784,-0.15245397809911237
thread,dqn,best_fixed,333,0.30833151574128875,0.5448188025155114,-0.23648728677422265
thread,dqn,best_fixed,444,0.41713167887785296,0.5462979678902824,-0.12916628901242944
thread,dqn,best_fixed,555,0.347598659253573,0.5428959740112934,-0.19529731475772044
thread,ppo,best_fixed,111,0.46633082872902937,0.5434346730810357,-0.07710384435200629
thread,ppo,best_fixed,222,0.335992829222138,0.5421429056832784,-0.20615007646114036
thread,ppo,best_fixed,333,0.44041844513251976,0.5448188025155114,-0.10440035738299164
thread,ppo,best_fixed,444,0.3321220879353959,0.5462979678902824,-0.21417587995488652
thread,ppo,best_fixed,555,0.37413510668123956,0.5428959740112934,-0.16876086733005385
process,threshold,static,111,0.4591450653828063,0.2260339910135123,0.233111074369294
process,threshold,static,222,0.459504733611625,0.22620041863265308,0.23330431497897194
process,threshold,static,333,0.46171925795462404,0.2283708300134241,0.23334842794119995
process,threshold,static,444,0.4633507986799774,0.22827445521926837,0.23507634346070905
process,threshold,static,555,0.46118483059342114,0.22817092060876928,0.23301390998465185
process,best_fixed,static,111,0.5481444163989875,0.2260339910135123,0.3221104253854752
process,best_fixed,static,222,0.551258117944609,0.22620041863265308,0.32505769931195594
process,best_fixed,static,333,0.5497246197213217,0.2283708300134241,0.32135378970789763
process,best_fixed,static,444,0.5487619817476883,0.22827445521926837,0.32048752652841994
process,best_fixed,static,555,0.5491683011875252,0.22817092060876928,0.32099738057875593
process,qlearning,static,111,0.03639281764740067,0.2260339910135123,-0.18964117336611164
process,qlearning,static,222,0.23507841160515747,0.22620041863265308,0.008877992972504384
process,qlearning,static,333,0.1503346753184112,0.2283708300134241,-0.0780361546950129
process,qlearning,static,444,0.3100541511621605,0.22827445521926837,0.08177969594289214
process,qlearning,static,555,0.21481862568556553,0.22817092060876928,-0.01335229492320375
process,dqn,static,111,0.3750253617349884,0.2260339910135123,0.1489913707214761
process,dqn,static,222,0.46598805768178736,0.22620041863265308,0.23978763904913428
process,dqn,static,333,0.2927560623773332,0.2283708300134241,0.06438523236390911
process,dqn,static,444,0.354943052611946,0.22827445521926837,0.1266685973926776
process,dqn,static,555,0.35226896041963984,0.22817092060876928,0.12409803981087056
process,ppo,static,111,0.5097583837406985,0.2260339910135123,0.2837243927271862
process,ppo,static,222,0.4337899792062222,0.22620041863265308,0.20758956057356912
process,ppo,static,333,0.38708957718262516,0.2283708300134241,0.15871874716920106
process,ppo,static,444,0.28109280998979747,0.22827445521926837,0.0528183547705291
process,ppo,static,555,0.37595141755450306,0.22817092060876928,0.14778049694573378
process,static,threshold,111,0.2260339910135123,0.4591450653828063,-0.233111074369294
process,static,threshold,222,0.22620041863265308,0.459504733611625,-0.23330431497897194
process,static,threshold,333,0.2283708300134241,0.46171925795462404,-0.23334842794119995
process,static,threshold,444,0.22827445521926837,0.4633507986799774,-0.23507634346070905
process,static,threshold,555,0.22817092060876928,0.46118483059342114,-0.23301390998465185
process,best_fixed,threshold,111,0.5481444163989875,0.4591450653828063,0.08899935101618117
process,best_fixed,threshold,222,0.551258117944609,0.459504733611625,0.09175338433298397
process,best_fixed,threshold,333,0.5497246197213217,0.46171925795462404,0.08800536176669765
process,best_fixed,threshold,444,0.5487619817476883,0.4633507986799774,0.0854111830677109
process,best_fixed,threshold,555,0.5491683011875252,0.46118483059342114,0.08798347059410411
process,qlearning,threshold,111,0.03639281764740067,0.4591450653828063,-0.42275224773540565
process,qlearning,threshold,222,0.23507841160515747,0.459504733611625,-0.22442632200646756
process,qlearning,threshold,333,0.1503346753184112,0.46171925795462404,-0.3113845826362128
process,qlearning,threshold,444,0.3100541511621605,0.4633507986799774,-0.1532966475178169
process,qlearning,threshold,555,0.21481862568556553,0.46118483059342114,-0.2463662049078556
process,dqn,threshold,111,0.3750253617349884,0.4591450653828063,-0.0841197036478179
process,dqn,threshold,222,0.46598805768178736,0.459504733611625,0.006483324070162333
process,dqn,threshold,333,0.2927560623773332,0.46171925795462404,-0.16896319557729084
process,dqn,threshold,444,0.354943052611946,0.4633507986799774,-0.10840774606803144
process,dqn,threshold,555,0.35226896041963984,0.46118483059342114,-0.10891587017378129
process,ppo,threshold,111,0.5097583837406985,0.4591450653828063,0.05061331835789218
process,ppo,threshold,222,0.4337899792062222,0.459504733611625,-0.02571475440540283
process,ppo,threshold,333,0.38708957718262516,0.46171925795462404,-0.07462968077199889
process,ppo,threshold,444,0.28109280998979747,0.4633507986799774,-0.18225798869017995
process,ppo,threshold,555,0.37595141755450306,0.46118483059342114,-0.08523341303891807
process,static,best_fixed,111,0.2260339910135123,0.5481444163989875,-0.3221104253854752
process,static,best_fixed,222,0.22620041863265308,0.551258117944609,-0.32505769931195594
process,static,best_fixed,333,0.2283708300134241,0.5497246197213217,-0.32135378970789763
process,static,best_fixed,444,0.22827445521926837,0.5487619817476883,-0.32048752652841994
process,static,best_fixed,555,0.22817092060876928,0.5491683011875252,-0.32099738057875593
process,threshold,best_fixed,111,0.4591450653828063,0.5481444163989875,-0.08899935101618117
process,threshold,best_fixed,222,0.459504733611625,0.551258117944609,-0.09175338433298397
process,threshold,best_fixed,333,0.46171925795462404,0.5497246197213217,-0.08800536176669765
process,threshold,best_fixed,444,0.4633507986799774,0.5487619817476883,-0.0854111830677109
process,threshold,best_fixed,555,0.46118483059342114,0.5491683011875252,-0.08798347059410411
process,qlearning,best_fixed,111,0.03639281764740067,0.5481444163989875,-0.5117515987515868
process,qlearning,best_fixed,222,0.23507841160515747,0.551258117944609,-0.3161797063394515
process,qlearning,best_fixed,333,0.1503346753184112,0.5497246197213217,-0.39938994440291054
process,qlearning,best_fixed,444,0.3100541511621605,0.5487619817476883,-0.2387078305855278
process,qlearning,best_fixed,555,0.21481862568556553,0.5491683011875252,-0.3343496755019597
process,dqn,best_fixed,111,0.3750253617349884,0.5481444163989875,-0.17311905466399907
process,dqn,best_fixed,222,0.46598805768178736,0.551258117944609,-0.08527006026282163
process,dqn,best_fixed,333,0.2927560623773332,0.5497246197213217,-0.2569685573439885
process,dqn,best_fixed,444,0.354943052611946,0.5487619817476883,-0.19381892913574233
process,dqn,best_fixed,555,0.35226896041963984,0.5491683011875252,-0.1968993407678854
process,ppo,best_fixed,111,0.5097583837406985,0.5481444163989875,-0.03838603265828899
process,ppo,best_fixed,222,0.4337899792062222,0.551258117944609,-0.1174681387383868
process,ppo,best_fixed,333,0.38708957718262516,0.5497246197213217,-0.16263504253869654
process,ppo,best_fixed,444,0.28109280998979747,0.5487619817476883,-0.26766917175789084
process,ppo,best_fixed,555,0.37595141755450306,0.5491683011875252,-0.17321688363302218
