runtime,profile,controller,seed,training_seed,session_id,metric,bound,bound_source,events
thread,aggressive-incident,static,111,11,argos_feasible_thread_primary_evaluate_aggressive-incident_static_s111,cpu_percent,maximum,derived,11
thread,aggressive-incident,static,222,22,argos_feasible_thread_primary_evaluate_aggressive-incident_static_s222,cpu_percent,maximum,derived,11
thread,aggressive-incident,static,333,33,argos_feasible_thread_primary_evaluate_aggressive-incident_static_s333,cpu_percent,maximum,derived,11
thread,aggressive-incident,static,444,44,argos_feasible_thread_primary_evaluate_aggressive-incident_static_s444,cpu_percent,maximum,derived,11
thread,aggressive-incident,static,555,55,argos_feasible_thread_primary_evaluate_aggressive-incident_static_s555,cpu_percent,maximum,derived,11
thread,aggressive-incident,threshold,111,11,argos_feasible_thread_primary_evaluate_aggressive-incident_threshold_s111,cpu_percent,maximum,derived,14
thread,aggressive-incident,threshold,222,22,argos_feasible_thread_primary_evaluate_aggressive-incident_threshold_s222,cpu_percent,maximum,derived,14
thread,aggressive-incident,threshold,333,33,argos_feasible_thread_primary_evaluate_aggressive-incident_threshold_s333,cpu_percent,maximum,derived,15
thread,aggressive-incident,threshold,444,44,argos_feasible_thread_primary_evaluate_aggressive-incident_threshold_s444,cpu_percent,maximum,derived,15
thread,aggressive-incident,threshold,555,55,argos_feasible_thread_primary_evaluate_aggressive-incident_threshold_s555,cpu_percent,maximum,derived,14
thread,aggressive-incident,best_fixed,111,11,argos_feasible_thread_primary_evaluate_aggressive-incident_best_fixed_s111,cpu_percent,maximum,derived,20
thread,aggressive-incident,best_fixed,222,22,argos_feasible_thread_primary_evaluate_aggressive-incident_best_fixed_s222,cpu_percent,maximum,derived,19
thread,aggressive-incident,best_fixed,333,33,argos_feasible_thread_primary_evaluate_aggressive-incident_best_fixed_s333,cpu_percent,maximum,derived,20
thread,aggressive-incident,best_fixed,444,44,argos_feasible_thread_primary_evaluate_aggressive-incident_best_fixed_s444,cpu_percent,maximum,derived,19
thread,aggressive-incident,best_fixed,555,55,argos_feasible_thread_primary_evaluate_aggressive-incident_best_fixed_s555,cpu_percent,maximum,derived,19
thread,aggressive-incident,qlearning,111,11,argos_feasible_thread_primary_evaluate_aggressive-incident_qlearning_s111,cpu_percent,maximum,derived,17
thread,aggressive-incident,qlearning,222,22,argos_feasible_thread_primary_evaluate_aggressive-incident_qlearning_s222,cpu_percent,maximum,derived,20
thread,aggressive-incident,qlearning,333,33,argos_feasible_thread_primary_evaluate_aggressive-incident_qlearning_s333,cpu_percent,maximum,derived,17
thread,aggressive-incident,qlearning,444,44,argos_feasible_thread_primary_evaluate_aggressive-incident_qlearning_s444,cpu_percent,maximum,derived,26
thread,aggressive-incident,qlearning,555,55,argos_feasible_thread_primary_evaluate_aggressive-incident_qlearning_s555,cpu_percent,maximum,derived,16
thread,aggressive-incident,dqn,111,11,argos_feasible_thread_primary_evaluate_aggressive-incident_dqn_s111,cpu_percent,maximum,derived,17
thread,aggressive-incident,dqn,222,22,argos_feasible_thread_primary_evaluate_aggressive-incident_dqn_s222,cpu_percent,maximum,derived,24
thread,aggressive-incident,dqn,333,33,argos_feasible_thread_primary_evaluate_aggressive-incident_dqn_s333,cpu_percent,maximum,derived,20
thread,aggressive-incident,dqn,444,44,argos_feasible_thread_primary_evaluate_aggressive-incident_dqn_s444,cpu_percent,maximum,derived,11
thread,aggressive-incident,dqn,555,55,argos_feasible_thread_primary_evaluate_aggressive-incident_dqn_s555,cpu_percent,maximum,derived,19
thread,aggressive-incident,ppo,111,11,argos_feasible_thread_primary_evaluate_aggressive-incident_ppo_s111,cpu_percent,maximum,derived,23
thread,aggressive-incident,ppo,222,22,argos_feasible_thread_primary_evaluate_aggressive-incident_ppo_s222,cpu_percent,maximum,derived,11
thread,aggressive-incident,ppo,333,33,argos_feasible_thread_primary_evaluate_aggressive-incident_ppo_s333,cpu_percent,maximum,derived,20
thread,aggressive-incident,ppo,444,44,argos_feasible_thread_primary_evaluate_aggressive-incident_ppo_s444,cpu_percent,maximum,derived,16
thread,aggressive-incident,ppo,555,55,argos_feasible_thread_primary_evaluate_aggressive-incident_ppo_s555,cpu_percent,maximum,derived,17
process,aggressive-incident,static,111,11,argos_feasible_process_primary_evaluate_aggressive-incident_static_s111,cpu_percent,maximum,derived,7
process,aggressive-incident,static,222,22,argos_feasible_process_primary_evaluate_aggressive-incident_static_s222,cpu_percent,maximum,derived,7
process,aggressive-incident,static,333,33,argos_feasible_process_primary_evaluate_aggressive-incident_static_s333,cpu_percent,maximum,derived,7
process,aggressive-incident,static,444,44,argos_feasible_process_primary_evaluate_aggressive-incident_static_s444,cpu_percent,maximum,derived,7
process,aggressive-incident,static,555,55,argos_feasible_process_primary_evaluate_aggressive-incident_static_s555,cpu_percent,maximum,derived,7
process,aggressive-incident,threshold,111,11,argos_feasible_process_primary_evaluate_aggressive-incident_threshold_s111,cpu_percent,maximum,derived,11
process,aggressive-incident,threshold,222,22,argos_feasible_process_primary_evaluate_aggressive-incident_threshold_s222,cpu_percent,maximum,derived,11
process,aggressive-incident,threshold,333,33,argos_feasible_process_primary_evaluate_aggressive-incident_threshold_s333,cpu_percent,maximum,derived,11
process,aggressive-incident,threshold,444,44,argos_feasible_process_primary_evaluate_aggressive-incident_threshold_s444,cpu_percent,maximum,derived,11
process,aggressive-incident,threshold,555,55,argos_feasible_process_primary_evaluate_aggressive-incident_threshold_s555,cpu_percent,maximum,derived,11
process,aggressive-incident,best_fixed,111,11,argos_feasible_process_primary_evaluate_aggressive-incident_best_fixed_s111,cpu_percent,maximum,derived,14
process,aggressive-incident,best_fixed,222,22,argos_feasible_process_primary_evaluate_aggressive-incident_best_fixed_s222,cpu_percent,maximum,derived,14
process,aggressive-incident,best_fixed,333,33,argos_feasible_process_primary_evaluate_aggressive-incident_best_fixed_s333,cpu_percent,maximum,derived,14
process,aggressive-incident,best_fixed,444,44,argos_feasible_process_primary_evaluate_aggressive-incident_best_fixed_s444,cpu_percent,maximum,derived,15
process,aggressive-incident,best_fixed,555,55,argos_feasible_process_primary_evaluate_aggressive-incident_best_fixed_s555,cpu_percent,maximum,derived,14
process,aggressive-incident,qlearning,111,11,argos_feasible_process_primary_evaluate_aggressive-incident_qlearning_s111,cpu_percent,maximum,derived,24
process,aggressive-incident,qlearning,222,22,argos_feasible_process_primary_evaluate_aggressive-incident_qlearning_s222,cpu_percent,maximum,derived,20
process,aggressive-incident,qlearning,333,33,argos_feasible_process_primary_evaluate_aggressive-incident_qlearning_s333,cpu_percent,maximum,derived,22
process,aggressive-incident,qlearning,444,44,argos_feasible_process_primary_evaluate_aggressive-incident_qlearning_s444,cpu_percent,maximum,derived,21
process,aggressive-incident,qlearning,555,55,argos_feasible_process_primary_evaluate_aggressive-incident_qlearning_s555,cpu_percent,maximum,derived,24
process,aggressive-incident,dqn,111,11,argos_feasible_process_primary_evaluate_aggressive-incident_dqn_s111,cpu_percent,maximum,derived,21
process,aggressive-incident,dqn,222,22,argos_feasible_process_primary_evaluate_aggressive-incident_dqn_s222,cpu_percent,maximum,derived,25
process,aggressive-incident,dqn,333,33,argos_feasible_process_primary_evaluate_aggressive-incident_dqn_s333,cpu_percent,maximum,derived,15
process,aggressive-incident,dqn,444,44,argos_feasible_process_primary_evaluate_aggressive-incident_dqn_s444,cpu_percent,maximum,derived,14
process,aggressive-incident,dqn,555,55,argos_feasible_process_primary_evaluate_aggressive-incident_dqn_s555,cpu_percent,maximum,derived,16
process,aggressive-incident,ppo,111,11,argos_feasible_process_primary_evaluate_aggressive-incident_ppo_s111,cpu_percent,maximum,derived,14
process,aggressive-incident,ppo,222,22,argos_feasible_process_primary_evaluate_aggressive-incident_ppo_s222,cpu_percent,maximum,derived,7
process,aggressive-incident,ppo,333,33,argos_feasible_process_primary_evaluate_aggressive-incident_ppo_s333,cpu_percent,maximum,derived,7
process,aggressive-incident,ppo,444,44,argos_feasible_process_primary_evaluate_aggressive-incident_ppo_s444,cpu_percent,maximum,derived,12
process,aggressive-incident,ppo,555,55,argos_feasible_process_primary_evaluate_aggressive-incident_ppo_s555,cpu_percent,maximum,derived,19
