runtime,controller,seed_unit_count,mean_reward,ci95_low,ci95_high
process,best_fixed,5,0.5494114874000264,0.5479430442108512,0.5508799305892017
process,dqn,5,0.36819629896513895,0.29033094148102173,0.44606165644925616
process,ppo,5,0.39753643353476925,0.29357301682309206,0.5014998502464465
process,qlearning,5,0.18933573628373906,0.061759179167775125,0.316912293399703
process,static,5,0.2274101230975254,0.2259401841862973,0.2288800620087535
process,threshold,5,0.4609809372444908,0.4588526027408592,0.4631092717481224
thread,best_fixed,5,0.5439180646362802,0.5418679278907355,0.545968201381825
thread,dqn,5,0.3762657331825966,0.31711577154654996,0.43541569481864323
thread,ppo,5,0.3897998595400645,0.3140519013495316,0.46554781773059745
thread,qlearning,5,0.20487701586155965,0.12627685173594633,0.283477179987173
thread,static,5,0.22862621349456286,0.2283989841177811,0.22885344287134463
thread,threshold,5,0.45570006643898886,0.45450901085207296,0.45689112202590476
