runtime,profile,controller,seed,training_seed,session_id,steps,reward_total,reward_per_step,spatial_fidelity_mean,hotspot_recall_mean,service_duty_mean_percent,violation_events,cpu_events,memory_events,coverage_events,sample_events,freshness_events,cpu_p95,cpu_max,memory_p95,memory_max,bandwidth_p95_mbps
thread,lax-background,static,111,11,argos_feasible_thread_generalization_evaluate_lax-background_static_s111,64,18.14720991035898,0.2835501548493591,0.9875747289669832,0.9938987815263688,1.4036936426358946,0,0,0,0,0,0,6.5,12.0,28.6,28.6,0.16360278933953654
thread,lax-background,static,222,22,argos_feasible_thread_generalization_evaluate_lax-background_static_s222,64,18.144911230530564,0.28351423797704006,0.9875747289669832,0.9938987815263688,1.379960848961347,0,0,0,0,0,0,6.6,11.9,28.6,28.6,0.1594526964539573
thread,lax-background,static,333,33,argos_feasible_thread_generalization_evaluate_lax-background_static_s333,64,18.14089601778827,0.2834515002779417,0.9875747289669832,0.9938987815263688,1.364620445336684,0,0,0,0,0,0,6.5,10.5,28.6,28.6,0.16741723884740006
thread,lax-background,static,444,44,argos_feasible_thread_generalization_evaluate_lax-background_static_s444,64,18.141115686967495,0.2834549326088671,0.9875747289669832,0.9938987815263688,1.3780664430513996,0,0,0,0,0,0,6.5,10.5,28.6,28.6,0.16020768619551137
thread,lax-background,static,555,55,argos_feasible_thread_generalization_evaluate_lax-background_static_s555,64,18.132693440755535,0.28332333501180523,0.9875747289669832,0.9938987815263688,1.387541261860233,0,0,0,0,0,0,6.7,12.9,28.6,28.6,0.15967824172367073
thread,lax-background,threshold,111,11,argos_feasible_thread_generalization_evaluate_lax-background_threshold_s111,64,40.07641241483603,0.6261939439818129,0.9577621401001033,0.9389310194024566,2.1110369948480945,0,0,0,0,0,0,6.444999999999999,10.0,28.6,28.6,0.15801750569083134
thread,lax-background,threshold,222,22,argos_feasible_thread_generalization_evaluate_lax-background_threshold_s222,64,40.073908123502235,0.6261548144297224,0.9577621401001033,0.9389310194024566,2.1065574156122286,0,0,0,0,0,0,6.4899999999999975,11.1,28.6,28.6,0.16229481616693062
thread,lax-background,threshold,333,33,argos_feasible_thread_generalization_evaluate_lax-background_threshold_s333,64,40.083605420243764,0.6263063346913088,0.9577621401001033,0.9389310194024566,2.1169080551515487,0,0,0,0,0,0,6.5,10.7,28.6,28.6,0.15936601254051247
thread,lax-background,threshold,444,44,argos_feasible_thread_generalization_evaluate_lax-background_threshold_s444,64,40.059553000164314,0.6259305156275674,0.9577621401001033,0.9389310194024566,2.096661513929413,0,0,0,0,0,0,6.6,12.0,28.6,28.6,0.18726421207649255
thread,lax-background,threshold,555,55,argos_feasible_thread_generalization_evaluate_lax-background_threshold_s555,64,40.05535329029293,0.625864895160827,0.9577621401001033,0.9389310194024566,2.108715382015403,0,0,0,0,0,0,6.544999999999999,10.6,28.6,28.6,0.17726552746225727
thread,lax-background,best_fixed,111,11,argos_feasible_thread_generalization_evaluate_lax-background_best_fixed_s111,64,41.782492769467154,0.6528514495229243,0.9617725250957547,0.9351030155744529,2.177039252387153,0,0,0,0,0,0,6.6,12.9,28.6,28.6,0.18005587149240898
thread,lax-background,best_fixed,222,22,argos_feasible_thread_generalization_evaluate_lax-background_best_fixed_s222,64,41.777761559447654,0.6527775243663696,0.9617725250957547,0.9351030155744529,2.169080537462993,0,0,0,0,0,0,6.5,12.0,28.6,28.6,0.16501723046310254
thread,lax-background,best_fixed,333,33,argos_feasible_thread_generalization_evaluate_lax-background_best_fixed_s333,64,41.79728008291754,0.6530825012955865,0.9617725250957547,0.9351030155744529,2.168372686577851,0,0,0,0,0,0,6.5,11.8,28.6,28.6,0.18083941737610332
thread,lax-background,best_fixed,444,44,argos_feasible_thread_generalization_evaluate_lax-background_best_fixed_s444,64,41.77035379719097,0.6526617780811089,0.9617725250957547,0.9351030155744529,2.172924946645371,0,0,0,0,0,0,6.4,10.6,28.6,28.6,0.2124841975760425
thread,lax-background,best_fixed,555,55,argos_feasible_thread_generalization_evaluate_lax-background_best_fixed_s555,64,41.77653643404806,0.652758381782001,0.9617725250957547,0.9351030155744529,2.1614936335797457,0,0,0,0,0,0,6.5,10.8,28.6,28.6,0.16636017540217424
thread,lax-background,qlearning,111,11,argos_feasible_thread_generalization_evaluate_lax-background_qlearning_s111,64,10.009554173453305,0.15639928396020789,0.9182271628715817,0.9017563559942178,1.3350551686434096,0,0,0,0,0,0,6.8,10.7,28.6,28.6,0.17047580671345317
thread,lax-background,qlearning,222,22,argos_feasible_thread_generalization_evaluate_lax-background_qlearning_s222,64,18.996106075702606,0.2968141574328532,0.955634352656028,0.9653722259034392,1.2516792516176485,0,0,0,0,0,0,6.7,10.4,28.6,28.6,0.16913343368470868
thread,lax-background,qlearning,333,33,argos_feasible_thread_generalization_evaluate_lax-background_qlearning_s333,64,9.113741716998648,0.14240221432810388,0.9294761444301549,0.9134485699646702,0.9889937824176563,0,0,0,0,0,0,6.744999999999999,12.9,28.6,28.6,0.17248403570079907
thread,lax-background,qlearning,444,44,argos_feasible_thread_generalization_evaluate_lax-background_qlearning_s444,64,28.01718536924848,0.4377685213945075,0.9683085260470266,0.9721513652602581,1.6343070757011222,0,0,0,0,0,0,6.7,10.4,28.6,28.6,0.17634830389490078
thread,lax-background,qlearning,555,55,argos_feasible_thread_generalization_evaluate_lax-background_qlearning_s555,64,16.820806018496256,0.262825094039004,0.9122747837794671,0.8735152039161515,1.025309686313592,0,0,0,0,0,0,6.7,10.6,28.6,28.6,0.17492711107957576
thread,lax-background,dqn,111,11,argos_feasible_thread_generalization_evaluate_lax-background_dqn_s111,64,35.78430144907946,0.5591297101418665,0.9645578967367331,0.9551489758448534,2.3016449153572545,0,0,0,0,0,0,6.6,10.5,28.6,28.6,0.16871254603346952
thread,lax-background,dqn,222,22,argos_feasible_thread_generalization_evaluate_lax-background_dqn_s222,64,18.50079893307891,0.289074983329358,0.9602853957329633,0.935975683113787,1.3997650538942936,0,0,0,0,0,0,6.4,11.7,28.6,28.6,0.16551159436902257
thread,lax-background,dqn,333,33,argos_feasible_thread_generalization_evaluate_lax-background_dqn_s333,64,20.484126541465173,0.32006447721039333,0.9649558636817172,0.9551489758448534,1.3519191760690699,0,0,0,0,0,0,6.7,10.2,28.6,28.6,0.17592368066225259
thread,lax-background,dqn,444,44,argos_feasible_thread_generalization_evaluate_lax-background_dqn_s444,64,40.33515595224581,0.6302368117538408,0.9634424173820199,0.9444456915837955,2.0991050759336627,0,0,0,0,0,0,6.10499999999999,10.5,28.6,28.6,0.16065880683173542
thread,lax-background,dqn,555,55,argos_feasible_thread_generalization_evaluate_lax-background_dqn_s555,64,21.32760436892865,0.33324381826451016,0.9658578698671619,0.9575689782648557,1.1750190628458301,0,0,0,0,0,0,6.7,11.9,28.6,28.6,0.17189805712176945
thread,lax-background,ppo,111,11,argos_feasible_thread_generalization_evaluate_lax-background_ppo_s111,64,38.100049280169294,0.5953132700026452,0.9602853957329633,0.935975683113787,1.8664939297097174,0,0,0,0,0,0,6.544999999999999,12.9,28.6,28.6,0.18327896098295077
thread,lax-background,ppo,222,22,argos_feasible_thread_generalization_evaluate_lax-background_ppo_s222,64,21.38266208386984,0.33410409506046623,0.9611874019184082,0.9383956855337894,1.076645341885702,0,0,0,0,0,0,6.014999999999993,10.7,28.6,28.6,0.19102940514675898
thread,lax-background,ppo,333,33,argos_feasible_thread_generalization_evaluate_lax-background_ppo_s333,64,38.38125279346051,0.5997070748978205,0.960517022090807,0.9387770192484565,1.8728032977565758,0,0,0,0,0,0,6.6,11.8,28.6,28.6,0.17487716302369832
thread,lax-background,ppo,444,44,argos_feasible_thread_generalization_evaluate_lax-background_ppo_s444,64,30.898229726961155,0.48278483948376805,0.9611874019184082,0.9383956855337894,1.419971601742986,0,0,0,0,0,0,6.5,12.0,28.6,28.6,0.17494299346274328
thread,lax-background,ppo,555,55,argos_feasible_thread_generalization_evaluate_lax-background_ppo_s555,64,25.701048881919483,0.4015788887799919,0.9875747289669832,0.9938987815263688,1.3788723875535793,0,0,0,0,0,0,6.444999999999999,10.2,28.6,28.6,0.16917677885437263
thread,standard-operations,static,111,11,argos_feasible_thread_generalization_evaluate_standard-operations_static_s111,64,15.433923033746874,0.2411550474022949,0.8678797588437875,0.8287267323644187,3.6971233887647204,0,0,0,0,0,0,49.88999999999999,50.7,28.6,28.6,0.18945282285038917
thread,standard-operations,static,222,22,argos_feasible_thread_generalization_evaluate_standard-operations_static_s222,64,15.351293818090276,0.23986396590766057,0.8678797588437875,0.8287267323644187,3.878894508200347,0,0,0,0,0,0,49.835,51.1,28.6,28.6,0.1997540856671358
thread,standard-operations,static,333,33,argos_feasible_thread_generalization_evaluate_standard-operations_static_s333,64,15.381729825933691,0.24033952853021393,0.8678797588437875,0.8287267323644187,3.767379714698388,0,0,0,0,0,0,49.724999999999994,50.7,28.6,28.6,0.19475635006785882
thread,standard-operations,static,444,44,argos_feasible_thread_generalization_evaluate_standard-operations_static_s444,64,15.33380456351976,0.23959069630499624,0.8678797588437875,0.8287267323644187,3.742179520546444,0,0,0,0,0,0,49.724999999999994,51.2,28.6,28.6,0.18906826752201605
thread,standard-operations,static,555,55,argos_feasible_thread_generalization_evaluate_standard-operations_static_s555,64,15.444082372890762,0.24131378707641815,0.8678797588437875,0.8287267323644187,3.8632102807362885,0,0,0,0,0,0,49.61499999999999,50.5,28.6,28.6,0.19433857408211766
thread,standard-operations,threshold,111,11,argos_feasible_thread_generalization_evaluate_standard-operations_threshold_s111,64,37.033891180944785,0.5786545497022623,0.9339732501728324,0.9242606508815461,7.6223584101313655,0,0,0,0,0,0,49.745,51.0,28.6,28.6,0.20060364137060108
thread,standard-operations,threshold,222,22,argos_feasible_thread_generalization_evaluate_standard-operations_threshold_s222,64,37.030046519920184,0.5785944768737529,0.9339732501728324,0.9242606508815461,7.554498378877288,0,0,0,0,0,0,50.0,50.5,28.6,28.6,0.19863756758681775
thread,standard-operations,threshold,333,33,argos_feasible_thread_generalization_evaluate_standard-operations_threshold_s333,64,37.03080203442364,0.5786062817878693,0.9339732501728324,0.9242606508815461,7.599949041371625,0,0,0,0,0,0,49.724999999999994,50.7,28.6,28.6,0.19395988898790467
thread,standard-operations,threshold,444,44,argos_feasible_thread_generalization_evaluate_standard-operations_threshold_s444,64,37.034482474683855,0.5786637886669352,0.9339732501728324,0.9242606508815461,7.638653609803112,0,0,0,0,0,0,49.724999999999994,50.6,28.6,28.6,0.19010509300318185
thread,standard-operations,threshold,555,55,argos_feasible_thread_generalization_evaluate_standard-operations_threshold_s555,64,37.054703464474116,0.5789797416324081,0.9339732501728324,0.9242606508815461,7.600225114002432,0,0,0,0,0,0,49.589999999999996,50.5,28.6,28.6,0.20469301496509162
thread,standard-operations,best_fixed,111,11,argos_feasible_thread_generalization_evaluate_standard-operations_best_fixed_s111,64,38.87659747379482,0.607446835528044,0.9387205917942171,0.9166402639318195,7.657470122846975,0,0,0,0,0,0,49.88999999999999,50.7,28.6,28.6,0.19492481512125134
thread,standard-operations,best_fixed,222,22,argos_feasible_thread_generalization_evaluate_standard-operations_best_fixed_s222,64,38.78505082535923,0.6060164191462379,0.9387205917942171,0.9166402639318195,7.834104047250497,0,0,0,0,0,0,49.88999999999999,50.6,28.6,28.6,0.19150779245204702
thread,standard-operations,best_fixed,333,33,argos_feasible_thread_generalization_evaluate_standard-operations_best_fixed_s333,64,38.832100778817,0.6067515746690156,0.9387205917942171,0.9166402639318195,7.8298981984456395,0,0,0,0,0,0,49.835,50.7,28.6,28.6,0.19692652967451385
thread,standard-operations,best_fixed,444,44,argos_feasible_thread_generalization_evaluate_standard-operations_best_fixed_s444,64,38.80210933793289,0.6062829584052014,0.9387205917942171,0.9166402639318195,7.8282960634382945,0,0,0,0,0,0,50.0,55.8,28.6,28.6,0.1973217729540189
thread,standard-operations,best_fixed,555,55,argos_feasible_thread_generalization_evaluate_standard-operations_best_fixed_s555,64,38.83486024412099,0.6067946913143905,0.9387205917942171,0.9166402639318195,7.771940855752856,0,0,0,0,0,0,49.7,51.0,28.6,28.6,0.18853754024612515
thread,standard-operations,qlearning,111,11,argos_feasible_thread_generalization_evaluate_standard-operations_qlearning_s111,64,17.04894868572522,0.2663898232144566,0.9250311456518373,0.9146686868600146,3.55670226329098,0,0,0,0,0,0,50.5,50.9,28.6,28.6,0.19797926062759255
thread,standard-operations,qlearning,222,22,argos_feasible_thread_generalization_evaluate_standard-operations_qlearning_s222,64,15.857994311010938,0.2477811611095459,0.8871257066043786,0.8589653727078357,4.675387297350323,0,0,0,0,0,0,50.3,50.5,28.6,28.6,0.2005469063574944
thread,standard-operations,qlearning,333,33,argos_feasible_thread_generalization_evaluate_standard-operations_qlearning_s333,64,13.305569321567077,0.20789952064948558,0.8934348903950323,0.8794243132012076,5.727534564083844,0,0,0,0,0,0,50.3,53.6,28.6,28.6,0.1968848631709727
thread,standard-operations,qlearning,444,44,argos_feasible_thread_generalization_evaluate_standard-operations_qlearning_s444,64,19.47805770842349,0.304344651694117,0.9150491953439204,0.9163976816281264,3.845686827800111,0,0,0,0,0,0,50.3,52.8,28.6,28.6,0.23231197222435773
thread,standard-operations,qlearning,555,55,argos_feasible_thread_generalization_evaluate_standard-operations_qlearning_s555,64,15.624472071422373,0.24413237611597458,0.9169319701024222,0.9163810698412633,2.8913881082803905,0,0,0,0,0,0,50.5,51.3,28.6,28.6,0.19986379922374145
thread,standard-operations,dqn,111,11,argos_feasible_thread_generalization_evaluate_standard-operations_dqn_s111,64,37.249912162463204,0.5820298775384876,0.931418147506019,0.9230984231821017,7.650138589124831,0,0,0,0,0,0,50.0,55.4,28.6,28.6,0.20087350382265642
thread,standard-operations,dqn,222,22,argos_feasible_thread_generalization_evaluate_standard-operations_dqn_s222,64,25.49162490164799,0.39830663908824987,0.912461925072599,0.8858130787560904,4.625246992502264,0,0,0,0,0,0,50.5,55.8,28.6,28.6,0.2138587609980795
thread,standard-operations,dqn,333,33,argos_feasible_thread_generalization_evaluate_standard-operations_dqn_s333,64,15.844861425146043,0.24757595976790692,0.9375197179310784,0.9189839358341226,3.843069281527607,0,0,0,0,0,0,50.0,50.8,28.6,28.6,0.1918244561249638
thread,standard-operations,dqn,444,44,argos_feasible_thread_generalization_evaluate_standard-operations_dqn_s444,64,26.965019398399964,0.42132842809999943,0.9197840189776129,0.9305526985816586,3.7733543486822207,0,0,0,0,0,0,49.88999999999999,50.5,28.6,28.6,0.19811909571727157
thread,standard-operations,dqn,555,55,argos_feasible_thread_generalization_evaluate_standard-operations_dqn_s555,64,26.643582498978652,0.41630597654654145,0.9097938935861972,0.9065988452516408,6.208904206655163,0,0,0,0,0,0,50.245,50.9,28.6,28.6,0.22580116019120886
thread,standard-operations,ppo,111,11,argos_feasible_thread_generalization_evaluate_standard-operations_ppo_s111,64,36.884665603922514,0.5763229000612893,0.9340855578351733,0.9207520495625751,7.656210301729737,0,0,0,0,0,0,49.745,50.8,28.6,28.6,0.19944061963980372
thread,standard-operations,ppo,222,22,argos_feasible_thread_generalization_evaluate_standard-operations_ppo_s222,64,15.392612867696815,0.24050957605776274,0.8678797588437875,0.8287267323644187,3.872081069719225,0,0,0,0,0,0,49.61499999999999,50.3,28.6,28.6,0.19890989158295064
thread,standard-operations,ppo,333,33,argos_feasible_thread_generalization_evaluate_standard-operations_ppo_s333,64,35.9331205450306,0.5614550085161031,0.9340855578351733,0.9207520495625751,7.628144261698243,0,0,0,0,0,0,49.724999999999994,50.3,28.6,28.6,0.1940855329274386
thread,standard-operations,ppo,444,44,argos_feasible_thread_generalization_evaluate_standard-operations_ppo_s444,64,15.428012095987723,0.24106268899980818,0.8678797588437875,0.8287267323644187,3.87367658829563,0,0,0,0,0,0,49.635,50.7,28.6,28.6,0.2250690605572864
thread,standard-operations,ppo,555,55,argos_feasible_thread_generalization_evaluate_standard-operations_ppo_s555,64,15.367075911297961,0.24011056111403065,0.8678797588437875,0.8287267323644187,3.7075932126827342,0,0,0,0,0,0,49.88999999999999,50.8,28.6,28.6,0.19038624951256122
thread,cost-sensitive,static,111,11,argos_feasible_thread_generalization_evaluate_cost-sensitive_static_s111,64,16.98909651487793,0.26545463304496764,0.8903330536815883,0.8763210531217352,2.151892163585914,0,0,0,0,0,0,49.19,50.5,28.6,28.6,0.195147032415779
thread,cost-sensitive,static,222,22,argos_feasible_thread_generalization_evaluate_cost-sensitive_static_s222,64,17.035966288516747,0.26618697325807417,0.8903330536815883,0.8763210531217352,2.139508291707286,0,0,0,0,0,0,49.50499999999999,51.3,28.6,28.6,0.1865637753426652
thread,cost-sensitive,static,333,33,argos_feasible_thread_generalization_evaluate_cost-sensitive_static_s333,64,17.032167160150024,0.26612761187734413,0.8903330536815883,0.8763210531217352,2.143487254508227,0,0,0,0,0,0,49.724999999999994,50.5,28.6,28.6,0.18927901361974994
thread,cost-sensitive,static,444,44,argos_feasible_thread_generalization_evaluate_cost-sensitive_static_s444,64,17.018379943285087,0.2659121866138295,0.8903330536815883,0.8763210531217352,2.1526779663535747,0,0,0,0,0,0,49.52499999999999,50.3,28.5,28.5,0.18489158968238031
thread,cost-sensitive,static,555,55,argos_feasible_thread_generalization_evaluate_cost-sensitive_static_s555,64,17.02591257561603,0.26602988399400046,0.8903330536815883,0.8763210531217352,2.070316588977747,0,0,0,0,0,0,49.724999999999994,50.7,28.6,28.6,0.1887423978546902
thread,cost-sensitive,threshold,111,11,argos_feasible_thread_generalization_evaluate_cost-sensitive_threshold_s111,64,37.7005564179001,0.5890711940296891,0.91977304110668,0.9156654395430998,3.6467921419443474,0,0,0,0,0,0,49.724999999999994,51.2,28.6,28.6,0.21842993898285562
thread,cost-sensitive,threshold,222,22,argos_feasible_thread_generalization_evaluate_cost-sensitive_threshold_s222,64,37.70781895187239,0.5891846711230061,0.91977304110668,0.9156654395430998,3.6209837939730356,0,0,0,0,0,0,49.724999999999994,50.5,28.6,28.6,0.19305380095923216
thread,cost-sensitive,threshold,333,33,argos_feasible_thread_generalization_evaluate_cost-sensitive_threshold_s333,64,37.767960731740175,0.5901243864334402,0.91977304110668,0.9156654395430998,3.6627099188589525,0,0,0,0,0,0,49.8,50.5,28.6,28.6,0.19847959154941267
thread,cost-sensitive,threshold,444,44,argos_feasible_thread_generalization_evaluate_cost-sensitive_threshold_s444,64,37.747263435091234,0.5898009911733005,0.91977304110668,0.9156654395430998,3.6332967508765455,0,0,0,0,0,0,49.37,50.5,28.5,28.5,0.16882408503196933
thread,cost-sensitive,threshold,555,55,argos_feasible_thread_generalization_evaluate_cost-sensitive_threshold_s555,64,37.73999249144021,0.5896873826787533,0.91977304110668,0.9156654395430998,3.6505495786846516,0,0,0,0,0,0,49.635,50.6,28.6,28.6,0.19445141466629148
thread,cost-sensitive,best_fixed,111,11,argos_feasible_thread_generalization_evaluate_cost-sensitive_best_fixed_s111,64,39.90085993707942,0.6234509365168659,0.9234042210551792,0.9203817978365427,3.7815813097373523,0,0,0,0,0,0,49.724999999999994,50.7,28.6,28.6,0.19133070494160065
thread,cost-sensitive,best_fixed,222,22,argos_feasible_thread_generalization_evaluate_cost-sensitive_best_fixed_s222,64,39.94807424395165,0.6241886600617446,0.9234042210551792,0.9203817978365427,3.7636261358462946,0,0,0,0,0,0,49.8,50.5,28.6,28.6,0.19548175441739407
thread,cost-sensitive,best_fixed,333,33,argos_feasible_thread_generalization_evaluate_cost-sensitive_best_fixed_s333,64,39.897410488091445,0.6233970388764288,0.9234042210551792,0.9203817978365427,3.865164038996217,0,0,0,0,0,0,49.88999999999999,50.5,28.6,28.6,0.19861714920263945
thread,cost-sensitive,best_fixed,444,44,argos_feasible_thread_generalization_evaluate_cost-sensitive_best_fixed_s444,64,39.98180824210071,0.6247157537828236,0.9234042210551792,0.9203817978365427,3.877158477192833,0,0,0,0,0,0,49.61499999999999,55.7,28.5,28.5,0.19593455782402774
thread,cost-sensitive,best_fixed,555,55,argos_feasible_thread_generalization_evaluate_cost-sensitive_best_fixed_s555,64,39.92983855374805,0.6239037274023133,0.9234042210551792,0.9203817978365427,3.748531092411628,0,0,0,0,0,0,49.635,50.7,28.6,28.6,0.20124216005925466
thread,cost-sensitive,qlearning,111,11,argos_feasible_thread_generalization_evaluate_cost-sensitive_qlearning_s111,64,16.177551160970445,0.2527742368901632,0.8749897800615908,0.8407481476039173,1.8453469329861854,0,0,0,0,0,0,50.445,55.3,28.6,28.6,0.20278369196614998
thread,cost-sensitive,qlearning,222,22,argos_feasible_thread_generalization_evaluate_cost-sensitive_qlearning_s222,64,11.241823977106758,0.1756534996422931,0.8543423855101717,0.790310493379726,1.9507479129466143,0,0,0,0,0,0,50.3,55.5,28.6,28.6,0.20733245851409413
thread,cost-sensitive,qlearning,333,33,argos_feasible_thread_generalization_evaluate_cost-sensitive_qlearning_s333,64,18.90138535532384,0.295334146176935,0.8872353699652045,0.8490130426983336,2.0208156370775243,0,0,0,0,0,0,50.245,50.7,28.6,28.6,0.19422149053463447
thread,cost-sensitive,qlearning,444,44,argos_feasible_thread_generalization_evaluate_cost-sensitive_qlearning_s444,64,14.516308727536497,0.22681732386775777,0.8941722703922662,0.8687788730711901,1.5675950769813114,0,0,0,0,0,0,50.3,50.7,28.5,28.5,0.20428287909491458
thread,cost-sensitive,qlearning,555,55,argos_feasible_thread_generalization_evaluate_cost-sensitive_qlearning_s555,64,17.697449716672516,0.27652265182300806,0.8603710614277882,0.7958204264129526,2.2111351055344564,0,0,0,0,0,0,50.3,51.0,28.5,28.5,0.19956284636494426
thread,cost-sensitive,dqn,111,11,argos_feasible_thread_generalization_evaluate_cost-sensitive_dqn_s111,64,21.914691881364266,0.34241706064631666,0.8965011583585099,0.8775717962813643,2.072274589394406,0,0,0,0,0,0,50.3,50.9,28.6,28.6,0.19738747470669654
thread,cost-sensitive,dqn,222,22,argos_feasible_thread_generalization_evaluate_cost-sensitive_dqn_s222,64,31.102226599918207,0.485972290623722,0.8918935679248006,0.867400315314983,2.6132340480032457,0,0,0,0,0,0,50.3,50.7,28.6,28.6,0.19446074431230573
thread,cost-sensitive,dqn,333,33,argos_feasible_thread_generalization_evaluate_cost-sensitive_dqn_s333,64,20.429742899641525,0.3192147328068988,0.8683588254724395,0.8284615675671325,1.6756123249240014,0,0,0,0,0,0,50.5,51.0,28.6,28.6,0.22545906955856712
thread,cost-sensitive,dqn,444,44,argos_feasible_thread_generalization_evaluate_cost-sensitive_dqn_s444,64,23.766595077289285,0.3713530480826451,0.9233466370980452,0.9189601132571082,1.8517214810812468,0,0,0,0,0,0,50.345,56.5,28.5,28.5,0.19739268856037187
thread,cost-sensitive,dqn,555,55,argos_feasible_thread_generalization_evaluate_cost-sensitive_dqn_s555,64,19.795965554025827,0.30931196178165354,0.9206584613103794,0.9167627749033285,1.5051343999037443,0,0,0,0,0,0,49.61499999999999,50.5,28.6,28.6,0.19239979534986812
thread,cost-sensitive,ppo,111,11,argos_feasible_thread_generalization_evaluate_cost-sensitive_ppo_s111,64,26.959550025759647,0.4212429691524945,0.8923646676038768,0.8763210531217352,3.1598960344267892,0,0,0,0,0,0,50.2,51.3,28.6,28.6,0.19972507438629783
thread,cost-sensitive,ppo,222,22,argos_feasible_thread_generalization_evaluate_cost-sensitive_ppo_s222,64,34.49843169488004,0.5390379952325006,0.9195344455715775,0.9148983722608497,3.142225400571007,0,0,0,0,0,0,50.3,55.1,28.6,28.6,0.20432871537473865
thread,cost-sensitive,ppo,333,33,argos_feasible_thread_generalization_evaluate_cost-sensitive_ppo_s333,64,37.1413408016685,0.5803334500260703,0.9204782632145279,0.9171548950365489,3.631921276918208,0,0,0,0,0,0,49.589999999999996,50.7,28.6,28.6,0.19571962566313125
thread,cost-sensitive,ppo,444,44,argos_feasible_thread_generalization_evaluate_cost-sensitive_ppo_s444,64,37.75421442402338,0.5899096003753653,0.9197618557119787,0.916381908895526,3.836787575548768,0,0,0,0,0,0,49.48,51.0,28.5,28.5,0.19877716893630767
thread,cost-sensitive,ppo,555,55,argos_feasible_thread_generalization_evaluate_cost-sensitive_ppo_s555,64,37.33495216605755,0.5833586275946492,0.9181388570447757,0.9148983722608497,3.690951198306486,0,0,0,0,0,0,49.48,55.1,28.6,28.6,0.19594198139051866
thread,short-burst,static,111,11,argos_feasible_thread_generalization_evaluate_short-burst_static_s111,64,13.20693742389153,0.20635839724830515,0.9195460783200576,0.898304905751381,8.801154877028246,0,0,0,0,0,0,49.88999999999999,50.3,28.6,28.6,0.19267801524077394
thread,short-burst,static,222,22,argos_feasible_thread_generalization_evaluate_short-burst_static_s222,64,13.245600995863375,0.20696251556036524,0.9195460783200576,0.898304905751381,8.864396736563373,0,0,0,0,0,0,50.0,50.5,28.5,28.5,0.1873134177724655
thread,short-burst,static,333,33,argos_feasible_thread_generalization_evaluate_short-burst_static_s333,64,13.222170006889229,0.2065964063576442,0.9195460783200576,0.898304905751381,8.82001161231279,0,0,0,0,0,0,49.88999999999999,50.5,28.6,28.6,0.21646665322151393
thread,short-burst,static,444,44,argos_feasible_thread_generalization_evaluate_short-burst_static_s444,64,13.198321508887103,0.20622377357636099,0.9195460783200576,0.898304905751381,8.770357609483248,0,0,0,0,0,0,49.835,50.7,28.5,28.5,0.19767661005470646
thread,short-burst,static,555,55,argos_feasible_thread_generalization_evaluate_short-burst_static_s555,64,13.201526901840248,0.20627385784125388,0.9195460783200576,0.898304905751381,8.79847360723806,0,0,0,0,0,0,49.745,50.5,28.5,28.5,0.20936270625352446
thread,short-burst,threshold,111,11,argos_feasible_thread_generalization_evaluate_short-burst_threshold_s111,64,30.584023762123493,0.4778753712831796,0.9651852243101842,0.9676446564843767,17.0463600152466,0,0,0,0,0,0,50.245,50.8,28.6,28.6,0.19862233422941195
thread,short-burst,threshold,222,22,argos_feasible_thread_generalization_evaluate_short-burst_threshold_s222,64,30.60911929469541,0.4782674889796158,0.9650448596085922,0.9670001760564418,16.729572819187364,0,0,0,0,0,0,50.3,55.7,28.5,28.5,0.21432616011300207
thread,short-burst,threshold,333,33,argos_feasible_thread_generalization_evaluate_short-burst_threshold_s333,64,30.58679594557731,0.4779186866496455,0.9651852243101842,0.9676446564843767,17.025714367679292,0,0,0,0,0,0,50.2,50.7,28.6,28.6,0.21597503678147648
thread,short-burst,threshold,444,44,argos_feasible_thread_generalization_evaluate_short-burst_threshold_s444,64,30.73622270236115,0.480253479724393,0.9650448596085922,0.9670001760564418,16.78293207261371,0,0,0,0,0,0,50.245,55.4,28.5,28.5,0.1956976399289658
thread,short-burst,threshold,555,55,argos_feasible_thread_generalization_evaluate_short-burst_threshold_s555,64,30.489638064695423,0.476400594760866,0.9651852243101842,0.9676446564843767,17.054487228401744,0,0,0,0,0,0,50.2,51.0,28.5,28.5,0.1952873064937557
thread,short-burst,best_fixed,111,11,argos_feasible_thread_generalization_evaluate_short-burst_best_fixed_s111,64,32.55777784663728,0.5087152788537075,0.9665917398140376,0.9674487887497238,22.41915288425627,0,0,0,0,0,0,50.0,50.3,28.5,28.5,0.19067096527688718
thread,short-burst,best_fixed,222,22,argos_feasible_thread_generalization_evaluate_short-burst_best_fixed_s222,64,32.16586405568447,0.5025916258700699,0.9667054447592167,0.9674487887497238,22.97959265254793,0,0,0,0,0,0,50.0,50.5,28.6,28.6,0.19568944493453555
thread,short-burst,best_fixed,333,33,argos_feasible_thread_generalization_evaluate_short-burst_best_fixed_s333,64,32.208741901747786,0.5032615922148092,0.9667054447592167,0.9674487887497238,22.801374253772554,0,0,0,0,0,0,50.0,54.7,28.6,28.6,0.18997782594384813
thread,short-burst,best_fixed,444,44,argos_feasible_thread_generalization_evaluate_short-burst_best_fixed_s444,64,32.22758973960387,0.5035560896813105,0.9667054447592167,0.9674487887497238,22.819690401591952,0,0,0,0,0,0,50.0,50.5,28.5,28.5,0.19440688379679227
thread,short-burst,best_fixed,555,55,argos_feasible_thread_generalization_evaluate_short-burst_best_fixed_s555,64,32.17967024198264,0.5028073475309788,0.9667054447592167,0.9674487887497238,22.80907835279192,0,0,0,0,0,0,50.0,50.7,28.5,28.5,0.19082537020305682
thread,short-burst,qlearning,111,11,argos_feasible_thread_generalization_evaluate_short-burst_qlearning_s111,64,4.296005454855989,0.06712508523212483,0.9343439325956583,0.9218087989850472,15.106970270084295,0,0,0,0,0,0,50.3,50.8,28.5,28.5,0.19552328280482428
thread,short-burst,qlearning,222,22,argos_feasible_thread_generalization_evaluate_short-burst_qlearning_s222,64,15.261790692980181,0.23846547957781533,0.9343773533251585,0.9146992053055036,13.212969822558026,0,0,0,0,0,0,50.245,50.9,28.5,28.5,0.20091621962681763
thread,short-burst,qlearning,333,33,argos_feasible_thread_generalization_evaluate_short-burst_qlearning_s333,64,10.473771073475486,0.16365267302305447,0.9411047592589503,0.9250314831840452,7.546070432168205,0,0,0,0,0,0,50.245,50.7,28.6,28.6,0.20184837475911213
thread,short-burst,qlearning,444,44,argos_feasible_thread_generalization_evaluate_short-burst_qlearning_s444,64,20.025971605663322,0.3129058063384894,0.9462550052333797,0.9415170458153972,12.568870797685413,0,0,0,0,0,0,50.3,50.5,28.5,28.5,0.20138634955314033
thread,short-burst,qlearning,555,55,argos_feasible_thread_generalization_evaluate_short-burst_qlearning_s555,64,13.51905402501893,0.21123521914092078,0.9438828778755721,0.9343567699469133,5.7230524213482425,0,0,0,0,0,0,50.3,55.4,28.5,28.5,0.2129090125725426
thread,short-burst,dqn,111,11,argos_feasible_thread_generalization_evaluate_short-burst_dqn_s111,64,20.48914782619262,0.3201429347842597,0.9597727222705368,0.9615541011890063,22.49494338792468,0,0,0,0,0,0,50.3,51.0,28.6,28.6,0.19712368248223114
thread,short-burst,dqn,222,22,argos_feasible_thread_generalization_evaluate_short-burst_dqn_s222,64,24.976049996320622,0.3902507811925097,0.9410169826143939,0.9259410904364881,19.06865342268868,0,0,0,0,0,0,50.3,50.7,28.5,28.5,0.19905917446498397
thread,short-burst,dqn,333,33,argos_feasible_thread_generalization_evaluate_short-burst_dqn_s333,64,21.39804926868082,0.3343445198231378,0.9590962346459494,0.9606434634264784,15.339186817790555,0,0,0,0,0,0,50.3,54.5,28.6,28.6,0.196414748993487
thread,short-burst,dqn,444,44,argos_feasible_thread_generalization_evaluate_short-burst_dqn_s444,64,23.396119715557084,0.36556437055557944,0.9293335507490307,0.9102247955349331,18.138287975674583,0,0,0,0,0,0,50.245,50.9,28.5,28.5,0.19734759476930858
thread,short-burst,dqn,555,55,argos_feasible_thread_generalization_evaluate_short-burst_dqn_s555,64,23.595595057888648,0.3686811727795101,0.9650473953519074,0.9691048306888066,24.898222228272186,0,0,0,0,0,0,50.2,50.8,28.5,28.5,0.19184085716426943
thread,short-burst,ppo,111,11,argos_feasible_thread_generalization_evaluate_short-burst_ppo_s111,64,24.85060499346769,0.38829070302293267,0.9665431971698063,0.968492740952895,9.219219444975383,0,0,0,0,0,0,50.3,51.0,28.5,28.5,0.20482332593643884
thread,short-burst,ppo,222,22,argos_feasible_thread_generalization_evaluate_short-burst_ppo_s222,64,18.44604984782501,0.28821952887226576,0.9665431971698063,0.968492740952895,6.6823665031672155,0,0,0,0,0,0,50.5,55.7,28.6,28.6,0.19999568346755678
thread,short-burst,ppo,333,33,argos_feasible_thread_generalization_evaluate_short-burst_ppo_s333,64,19.372357236937066,0.30269308182714166,0.9245390060153371,0.8976594045627607,8.562373942971053,0,0,0,0,0,0,50.0,50.6,28.6,28.6,0.1950196540647328
thread,short-burst,ppo,444,44,argos_feasible_thread_generalization_evaluate_short-burst_ppo_s444,64,13.224002764644469,0.20662504319756983,0.9195460783200576,0.898304905751381,8.783621684813397,0,0,0,0,0,0,50.0,50.7,28.5,28.5,0.19845790229789814
thread,short-burst,ppo,555,55,argos_feasible_thread_generalization_evaluate_short-burst_ppo_s555,64,19.15202030500707,0.2992503172657355,0.9665431971698063,0.968492740952895,6.5790105205479,0,0,0,0,0,0,50.545,54.0,28.5,28.5,0.19767119143638573
thread,aggressive-incident,static,111,11,argos_feasible_thread_primary_evaluate_aggressive-incident_static_s111,64,9.320003020811786,0.14562504720018415,0.9653395007324123,0.9601579671846147,13.652231039103462,11,11,0,0,0,0,95.30499999999994,100.0,31.2,42.2,0.22734518837868542
thread,aggressive-incident,static,222,22,argos_feasible_thread_primary_evaluate_aggressive-incident_static_s222,64,9.385281144793964,0.1466450178874057,0.9653395007324123,0.9601579671846147,13.554299557109896,11,11,0,0,0,0,94.20499999999991,100.0,31.2,42.3,0.22749208934686324
thread,aggressive-incident,static,333,33,argos_feasible_thread_primary_evaluate_aggressive-incident_static_s333,64,9.4444685646967,0.14756982132338595,0.9653395007324123,0.9601579671846147,13.562223711251676,11,11,0,0,0,0,95.14999999999992,100.0,31.1,42.2,0.21429023229153446
thread,aggressive-incident,static,444,44,argos_feasible_thread_primary_evaluate_aggressive-incident_static_s444,64,9.413805933570895,0.14709071771204524,0.9653395007324123,0.9601579671846147,13.625605288366431,11,11,0,0,0,0,96.89999999999998,100.0,31.1,42.3,0.3243814117648106
thread,aggressive-incident,static,555,55,argos_feasible_thread_primary_evaluate_aggressive-incident_static_s555,64,9.410643707027722,0.14704130792230816,0.9653395007324123,0.9600162632780854,13.51719637126159,11,11,0,0,0,0,94.86499999999994,100.0,31.1,42.3,0.22444849175956666
thread,aggressive-incident,threshold,111,11,argos_feasible_thread_primary_evaluate_aggressive-incident_threshold_s111,64,0.2112506609757572,0.0033007915777462063,0.9684040519847802,0.9736113400968411,9.89107768689994,14,14,0,0,0,0,98.44999999999999,100.0,31.3,42.2,0.22379980875958996
thread,aggressive-incident,threshold,222,22,argos_feasible_thread_primary_evaluate_aggressive-incident_threshold_s222,64,0.27597057777438627,0.0043120402777247855,0.9683479968480887,0.9735250405013037,9.70163123930213,14,14,0,0,0,0,98.0,100.0,31.2,42.2,0.22546423638683444
thread,aggressive-incident,threshold,333,33,argos_feasible_thread_primary_evaluate_aggressive-incident_threshold_s333,64,0.1618359389219852,0.0025286865456560187,0.9683479968480887,0.9735250405013037,9.860856514188495,15,15,0,0,0,0,98.0,100.0,31.3,42.2,0.22807549471973884
thread,aggressive-incident,threshold,444,44,argos_feasible_thread_primary_evaluate_aggressive-incident_threshold_s444,64,0.2593756673607758,0.0040527448025121215,0.9683479968480887,0.9735250405013037,9.717282270838554,15,15,0,0,0,0,98.44999999999999,100.0,31.1,42.2,0.2247962490076633
thread,aggressive-incident,threshold,555,55,argos_feasible_thread_primary_evaluate_aggressive-incident_threshold_s555,64,1.009523736366428,0.015773808380725438,0.9682919417113973,0.9734387409057662,9.250579698105604,14,14,0,0,0,0,95.74499999999996,100.0,31.1,42.2,0.22702941556028416
thread,aggressive-incident,best_fixed,111,11,argos_feasible_thread_primary_evaluate_aggressive-incident_best_fixed_s111,64,20.781367358952753,0.32470886498363677,1.0,1.0,59.64492949228438,20,20,0,0,0,0,100.0,100.0,41.52499999999999,42.1,0.23165875490306254
thread,aggressive-incident,best_fixed,222,22,argos_feasible_thread_primary_evaluate_aggressive-incident_best_fixed_s222,64,20.808979134206083,0.32514029897197005,1.0,1.0,59.6681283264564,19,19,0,0,0,0,100.0,100.0,41.69,41.9,0.22038395107287934
thread,aggressive-incident,best_fixed,333,33,argos_feasible_thread_primary_evaluate_aggressive-incident_best_fixed_s333,64,21.60648355338988,0.33760130552171685,1.0,1.0,51.872753693313186,20,20,0,0,0,0,100.0,100.0,41.745,41.9,0.2264983130932102
thread,aggressive-incident,best_fixed,444,44,argos_feasible_thread_primary_evaluate_aggressive-incident_best_fixed_s444,64,22.033488608061898,0.34427325950096715,1.0,1.0,51.179348476349354,19,19,0,0,0,0,100.0,100.0,41.57999999999999,41.9,0.2167162197015095
thread,aggressive-incident,best_fixed,555,55,argos_feasible_thread_primary_evaluate_aggressive-incident_best_fixed_s555,64,21.00580620971416,0.32821572202678373,1.0,1.0,58.91599791390555,19,19,0,0,0,0,100.0,100.0,41.8,41.9,0.21828305652806013
thread,aggressive-incident,qlearning,111,11,argos_feasible_thread_primary_evaluate_aggressive-incident_qlearning_s111,64,-2.5954719386878273,-0.0405542490419973,0.969663806145119,0.9682386457747498,10.442076773182484,17,17,0,0,0,0,100.0,100.0,37.20499999999999,42.3,0.2243064399618713
thread,aggressive-incident,qlearning,222,22,argos_feasible_thread_primary_evaluate_aggressive-incident_qlearning_s222,64,1.874049867267254,0.029282029176050845,0.9530225677259291,0.947699901702045,45.59890336231179,20,20,0,0,0,0,100.0,100.0,41.635,42.4,0.22853611951599367
thread,aggressive-incident,qlearning,333,33,argos_feasible_thread_primary_evaluate_aggressive-incident_qlearning_s333,64,1.1830980959330997,0.018485907748954682,0.9558209932397412,0.9518954504065338,12.489846835481215,17,17,0,0,0,0,100.0,100.0,36.01499999999999,42.3,0.22482146847256926
thread,aggressive-incident,qlearning,444,44,argos_feasible_thread_primary_evaluate_aggressive-incident_qlearning_s444,64,15.796765038412593,0.24682445372519676,0.9862061681938189,0.9846438219535303,19.155743403890085,26,26,0,0,0,0,100.0,100.0,41.9,42.3,0.227920505669562
thread,aggressive-incident,qlearning,555,55,argos_feasible_thread_primary_evaluate_aggressive-incident_qlearning_s555,64,5.161237073917941,0.08064432927996783,0.9585259931201162,0.957109644372311,11.674084581504523,16,16,0,0,0,0,100.0,100.0,38.41499999999994,42.3,0.24937386646185433
thread,aggressive-incident,dqn,111,11,argos_feasible_thread_primary_evaluate_aggressive-incident_dqn_s111,64,18.50686970685321,0.2891698391695814,0.9961658935268347,0.9974797566817931,35.554107643909795,17,17,0,0,0,0,100.0,100.0,37.02499999999999,42.3,0.22591573066501217
thread,aggressive-incident,dqn,222,22,argos_feasible_thread_primary_evaluate_aggressive-incident_dqn_s222,64,24.62975639596739,0.3848399436869905,0.9949284056070861,0.9958031802581062,23.27886674769972,24,24,0,0,0,0,100.0,100.0,41.67999999999999,41.9,0.2311599681432353
thread,aggressive-incident,dqn,333,33,argos_feasible_thread_primary_evaluate_aggressive-incident_dqn_s333,64,20.509304902278835,0.3204578890981068,0.9968042997760149,0.9968481862179216,50.5538828867333,20,20,0,0,0,0,100.0,100.0,41.52499999999999,41.9,0.21798131948132682
thread,aggressive-incident,dqn,444,44,argos_feasible_thread_primary_evaluate_aggressive-incident_dqn_s444,64,19.01924709742081,0.29717573589720014,0.9714697223681815,0.9687927758181153,13.450154227374274,11,11,0,0,0,0,96.34999999999997,100.0,31.1,42.3,0.2135630791707368
thread,aggressive-incident,dqn,555,55,argos_feasible_thread_primary_evaluate_aggressive-incident_dqn_s555,64,19.868823481321563,0.3104503668956494,0.9861434693094421,0.990466098837596,11.944400689318968,19,19,0,0,0,0,100.0,100.0,36.779999999999994,42.3,0.2322239818601384
thread,aggressive-incident,ppo,111,11,argos_feasible_thread_primary_evaluate_aggressive-incident_ppo_s111,64,22.43099528997026,0.3504843014057853,0.9954358312688671,0.9941825949671741,32.07692884203468,23,23,0,0,0,0,100.0,100.0,41.8,41.9,0.22337823346353478
thread,aggressive-incident,ppo,222,22,argos_feasible_thread_primary_evaluate_aggressive-incident_ppo_s222,64,17.797948856812457,0.27809295088769465,0.9954358312688671,0.9941825949671741,7.800871220660356,11,11,0,0,0,0,94.78999999999994,100.0,31.3,41.9,0.21339073035210374
thread,aggressive-incident,ppo,333,33,argos_feasible_thread_primary_evaluate_aggressive-incident_ppo_s333,64,10.10583106530964,0.15790361039546313,0.9665115372265058,0.9670088993024507,50.25280455553013,20,20,0,0,0,0,100.0,100.0,41.69,42.3,0.21954950643266574
thread,aggressive-incident,ppo,444,44,argos_feasible_thread_primary_evaluate_aggressive-incident_ppo_s444,64,8.974609127709952,0.140228267620468,0.9715597848836508,0.9728360467551023,7.97634245892856,16,16,0,0,0,0,100.0,100.0,36.879999999999995,42.3,0.24525192745456884
thread,aggressive-incident,ppo,555,55,argos_feasible_thread_primary_evaluate_aggressive-incident_ppo_s555,64,22.16813687371459,0.3463771386517905,0.9969353749787834,0.9962255094409456,39.25801472268618,17,17,0,0,0,0,100.0,100.0,37.135,41.9,0.22048601015110425
process,lax-background,static,111,11,argos_feasible_process_generalization_evaluate_lax-background_static_s111,64,16.96395386924494,0.2650617792069522,0.9879980387927332,0.9938987815263688,0.8900660307949809,0,0,0,0,0,0,3.8,12.7,33.5,33.5,0.12364634681761873
process,lax-background,static,222,22,argos_feasible_process_generalization_evaluate_lax-background_static_s222,64,16.944719589541663,0.2647612435865885,0.9878569355174832,0.9938987815263688,0.8958645696712904,0,0,0,0,0,0,3.079999999999995,11.1,33.5,33.5,0.12334293873107963
process,lax-background,static,333,33,argos_feasible_process_generalization_evaluate_lax-background_static_s333,64,16.94122494269371,0.26470663972958924,0.9878569355174832,0.9938987815263688,0.959370339498458,0,0,0,0,0,0,3.844999999999999,7.8,33.4,33.4,0.1378377743465499
process,lax-background,static,444,44,argos_feasible_process_generalization_evaluate_lax-background_static_s444,64,16.959661515598434,0.26499471118122553,0.9878569355174832,0.9938987815263688,0.8933933057342117,0,0,0,0,0,0,4.8,11.1,33.4,33.4,0.12285417688937918
process,lax-background,static,555,55,argos_feasible_process_generalization_evaluate_lax-background_static_s555,64,16.903242928665705,0.26411317076040164,0.9878569355174832,0.9938987815263688,0.8958908896247192,0,0,0,0,0,0,4.8,11.1,33.4,33.4,0.12270004539167745
process,lax-background,threshold,111,11,argos_feasible_process_generalization_evaluate_lax-background_threshold_s111,64,38.94035528273829,0.6084430512927858,0.9590965595140329,0.9389310194024566,1.4264661628977229,0,0,0,0,0,0,3.6249999999999942,7.6,33.5,33.5,0.13116738355410187
process,lax-background,threshold,222,22,argos_feasible_process_generalization_evaluate_lax-background_threshold_s222,64,38.92521602962699,0.6082065004629217,0.9590965595140329,0.9389310194024566,1.496485600019249,0,0,0,0,0,0,4.934999999999996,11.0,33.5,33.5,0.14690812995707087
process,lax-background,threshold,333,33,argos_feasible_process_generalization_evaluate_lax-background_threshold_s333,64,38.90106763056097,0.6078291817275152,0.9590965595140329,0.9389310194024566,1.4482098062856628,0,0,0,0,0,0,6.5,14.1,33.5,33.5,0.13874873794999207
process,lax-background,threshold,444,44,argos_feasible_process_generalization_evaluate_lax-background_threshold_s444,64,38.91977400345514,0.6081214688039865,0.9590965595140329,0.9389310194024566,1.491684290536194,0,0,0,0,0,0,5.2949999999999875,8.6,33.4,33.4,0.12380033445688376
process,lax-background,threshold,555,55,argos_feasible_process_generalization_evaluate_lax-background_threshold_s555,64,38.899319087476265,0.6078018607418166,0.9590965595140329,0.9389310194024566,1.4138834448572262,0,0,0,0,0,0,3.7349999999999968,7.6,33.4,33.4,0.12993907362354376
process,lax-background,best_fixed,111,11,argos_feasible_process_generalization_evaluate_lax-background_best_fixed_s111,64,40.63250074856281,0.6348828241962939,0.9631069445096844,0.9365036836417875,1.362813973973458,0,0,0,0,0,0,3.944999999999999,10.9,33.5,33.5,0.12347742355772255
process,lax-background,best_fixed,222,22,argos_feasible_process_generalization_evaluate_lax-background_best_fixed_s222,64,40.637509452179266,0.634961085190301,0.9631069445096844,0.9351030155744529,1.3953047917212966,0,0,0,0,0,0,3.9,10.2,33.5,33.5,0.12384148333023395
process,lax-background,best_fixed,333,33,argos_feasible_process_generalization_evaluate_lax-background_best_fixed_s333,64,40.613264412441524,0.6345822564443988,0.9631069445096844,0.9365036836417875,1.3903522449405947,0,0,0,0,0,0,5.944999999999999,14.9,33.5,33.5,0.1314899282955079
process,lax-background,best_fixed,444,44,argos_feasible_process_generalization_evaluate_lax-background_best_fixed_s444,64,40.642711345393884,0.6350423647717794,0.9631069445096844,0.9351030155744529,1.4752015445177724,0,0,0,0,0,0,2.944999999999999,7.8,33.4,33.4,0.12342874634320523
process,lax-background,best_fixed,555,55,argos_feasible_process_generalization_evaluate_lax-background_best_fixed_s555,64,40.601525469161025,0.634398835455641,0.9631069445096844,0.9365036836417875,1.3908796209506886,0,0,0,0,0,0,2.844999999999999,8.4,33.4,33.4,0.122626884421914
process,lax-background,qlearning,111,11,argos_feasible_process_generalization_evaluate_lax-background_qlearning_s111,64,10.725000396013193,0.16757813118770615,0.9380757869704663,0.9299308920354431,0.9814694872362903,0,0,0,0,0,0,6.014999999999993,8.1,33.5,33.5,0.1251688344805134
process,lax-background,qlearning,222,22,argos_feasible_process_generalization_evaluate_lax-background_qlearning_s222,64,17.824589166718376,0.2785092057299746,0.9574805544237873,0.9636052753968507,0.933536875235607,0,0,0,0,0,0,6.7,7.5,33.5,33.5,0.13650322147254032
process,lax-background,qlearning,333,33,argos_feasible_process_generalization_evaluate_lax-background_qlearning_s333,64,7.930447843881545,0.12391324756064914,0.919998618538735,0.8927285242065597,0.7381406225254784,0,0,0,0,0,0,6.7,15.0,33.4,33.4,0.12364303161684544
process,lax-background,qlearning,444,44,argos_feasible_process_generalization_evaluate_lax-background_qlearning_s444,64,27.540407927289724,0.43031887386390194,0.968359394747166,0.9913246579913247,1.236054717570213,0,0,0,0,0,0,6.6,7.4,33.4,33.4,0.12319511350725422
process,lax-background,qlearning,555,55,argos_feasible_process_generalization_evaluate_lax-background_qlearning_s555,64,15.649131283526543,0.24451767630510224,0.916943110244634,0.8882120039284649,0.7957953650453559,0,0,0,0,0,0,6.6,11.1,33.4,33.4,0.12346249771937039
process,lax-background,dqn,111,11,argos_feasible_process_generalization_evaluate_lax-background_dqn_s111,64,24.416870968595447,0.38151360888430386,0.9629542345608227,0.9441928085699582,1.45422734913758,0,0,0,0,0,0,6.6,7.7,33.5,33.5,0.1232462554141622
process,lax-background,dqn,222,22,argos_feasible_process_generalization_evaluate_lax-background_dqn_s222,64,37.438839524800805,0.5849818675750126,0.9638748306105048,0.942025689163793,1.4784981999548423,0,0,0,0,0,0,3.944999999999999,7.6,33.5,33.5,0.12379040246983192
process,lax-background,dqn,333,33,argos_feasible_process_generalization_evaluate_lax-background_dqn_s333,64,20.758955107555295,0.3243586735555515,0.9629542345608227,0.9414537667512346,0.942802925063573,0,0,0,0,0,0,6.7,15.2,33.5,33.5,0.1233790699336165
process,lax-background,dqn,444,44,argos_feasible_process_generalization_evaluate_lax-background_dqn_s444,64,28.448320293033056,0.4445050045786415,0.9629542345608227,0.9441928085699582,1.1132231578344742,0,0,0,0,0,0,6.644999999999999,7.7,33.4,33.4,0.12448418253387364
process,lax-background,dqn,555,55,argos_feasible_process_generalization_evaluate_lax-background_dqn_s555,64,27.65639702005715,0.43213120343839295,0.9629542345608227,0.9441928085699582,1.039879021086547,0,0,0,0,0,0,6.7,12.0,33.4,33.4,0.12315930392795672
process,lax-background,ppo,111,11,argos_feasible_process_generalization_evaluate_lax-background_ppo_s111,64,39.03775134071176,0.6099648646986212,0.9616198151468931,0.935975683113787,1.410408881647404,0,0,0,0,0,0,3.844999999999999,11.1,33.5,33.5,0.13774550036643282
process,lax-background,ppo,222,22,argos_feasible_process_generalization_evaluate_lax-background_ppo_s222,64,39.15992358431876,0.6118738060049806,0.9625218213323379,0.9383956855337894,1.4299377325184774,0,0,0,0,0,0,3.1799999999999953,7.5,33.5,33.5,0.13766610159750803
process,lax-background,ppo,333,33,argos_feasible_process_generalization_evaluate_lax-background_ppo_s333,64,39.0971777576922,0.6108934024639406,0.9605201922114432,0.9383956855337894,1.7431643216751804,0,0,0,0,0,0,6.069999999999993,11.1,33.4,33.4,0.12304638326367784
process,lax-background,ppo,444,44,argos_feasible_process_generalization_evaluate_lax-background_ppo_s444,64,39.15416458159966,0.6117838215874947,0.9625218213323379,0.9383956855337894,1.3969086507047705,0,0,0,0,0,0,4.2499999999999885,12.9,33.4,33.4,0.12564306986423077
process,lax-background,ppo,555,55,argos_feasible_process_generalization_evaluate_lax-background_ppo_s555,64,16.870373244244345,0.2635995819413179,0.9878569355174832,0.9938987815263688,0.9289500882946555,0,0,0,0,0,0,3.844999999999999,12.0,33.4,33.4,0.12424180933430384
process,standard-operations,static,111,11,argos_feasible_process_generalization_evaluate_standard-operations_static_s111,64,15.09884436327148,0.23591944317611688,0.8678797588437875,0.8277016042383586,2.636058339996942,0,0,0,0,0,0,23.24499999999984,50.7,33.4,33.4,0.14856344300542285
process,standard-operations,static,222,22,argos_feasible_process_generalization_evaluate_standard-operations_static_s222,64,14.992690120106543,0.23426078312666473,0.8678797588437875,0.8268030491752516,2.6168901674331173,0,0,0,0,0,0,25.534999999999858,50.8,33.4,33.4,0.14864645754967618
process,standard-operations,static,333,33,argos_feasible_process_generalization_evaluate_standard-operations_static_s333,64,15.192439297205492,0.23738186401883582,0.8678797588437875,0.8277016042383586,2.613204310810756,0,0,0,0,0,0,17.079999999999995,51.2,33.4,33.4,0.1475057109239444
process,standard-operations,static,444,44,argos_feasible_process_generalization_evaluate_standard-operations_static_s444,64,14.99906255384712,0.23436035240386124,0.8678797588437875,0.8277016042383586,2.7031301663666185,0,0,0,0,0,0,27.024999999999814,50.7,33.4,33.7,0.14914369788963724
process,standard-operations,static,555,55,argos_feasible_process_generalization_evaluate_standard-operations_static_s555,64,15.079070594850517,0.23561047804453933,0.8678797588437875,0.8277016042383586,2.61726995939931,0,0,0,0,0,0,25.65999999999983,51.0,33.4,33.4,0.14795895358630604
process,standard-operations,threshold,111,11,argos_feasible_process_generalization_evaluate_standard-operations_threshold_s111,64,36.87237495691637,0.5761308587018182,0.934288125611919,0.9249701076627628,5.684969566171128,0,0,0,0,0,0,36.3849999999999,51.0,33.4,33.7,0.14873391579099918
process,standard-operations,threshold,222,22,argos_feasible_process_generalization_evaluate_standard-operations_threshold_s222,64,37.01492309983437,0.578358173434912,0.9344455633314622,0.9249701076627628,5.604847778718939,0,0,0,0,0,0,33.17999999999979,51.0,33.4,33.4,0.16256808399318395
process,standard-operations,threshold,333,33,argos_feasible_process_generalization_evaluate_standard-operations_threshold_s333,64,36.982073316031745,0.577844895562996,0.934288125611919,0.9249701076627628,5.682583432664317,0,0,0,0,0,0,35.34499999999984,50.7,33.4,33.4,0.14794143655995434
process,standard-operations,threshold,444,44,argos_feasible_process_generalization_evaluate_standard-operations_threshold_s444,64,36.938355675587424,0.5771618074310535,0.934288125611919,0.9249701076627628,5.623075892370215,0,0,0,0,0,0,32.45499999999979,51.0,33.4,34.1,0.14834271035078603
process,standard-operations,threshold,555,55,argos_feasible_process_generalization_evaluate_standard-operations_threshold_s555,64,36.92085353063163,0.5768883364161193,0.934288125611919,0.9249701076627628,5.584837676356076,0,0,0,0,0,0,31.27499999999978,51.7,33.4,33.9,0.16418089249112994
process,standard-operations,best_fixed,111,11,argos_feasible_process_generalization_evaluate_standard-operations_best_fixed_s111,64,38.71048040003009,0.6048512562504702,0.9390354672333038,0.9173497207130361,5.577374387670448,0,0,0,0,0,0,33.50999999999979,51.0,33.4,33.4,0.14801912999757186
process,standard-operations,best_fixed,222,22,argos_feasible_process_generalization_evaluate_standard-operations_best_fixed_s222,64,38.854114279307915,0.6070955356141862,0.9390354672333038,0.9173497207130361,5.679348486441153,0,0,0,0,0,0,28.679999999999744,51.0,33.4,33.4,0.16397630594754556
process,standard-operations,best_fixed,333,33,argos_feasible_process_generalization_evaluate_standard-operations_best_fixed_s333,64,38.70926941253952,0.60483233457093,0.9391929049528469,0.9173497207130361,5.629763111235606,0,0,0,0,0,0,35.19999999999989,50.7,33.4,33.4,0.1492732622841158
process,standard-operations,best_fixed,444,44,argos_feasible_process_generalization_evaluate_standard-operations_best_fixed_s444,64,38.692987573144286,0.6045779308303795,0.9391929049528469,0.9173497207130361,5.536702215356169,0,0,0,0,0,0,30.049999999999763,51.0,33.4,34.0,0.14758442418386164
process,standard-operations,best_fixed,555,55,argos_feasible_process_generalization_evaluate_standard-operations_best_fixed_s555,64,38.71389875510369,0.6049046680484952,0.9390354672333038,0.9173497207130361,5.577276017930771,0,0,0,0,0,0,27.674999999999756,51.0,33.4,33.9,0.14888868793650983
process,standard-operations,qlearning,111,11,argos_feasible_process_generalization_evaluate_standard-operations_qlearning_s111,64,-2.2371166178068407,-0.034954947153231886,0.8965043063037819,0.87834956830155,2.6584368553711863,0,0,0,0,0,0,50.3,51.5,33.4,33.4,0.1487959348257347
process,standard-operations,qlearning,222,22,argos_feasible_process_generalization_evaluate_standard-operations_qlearning_s222,64,17.947574320341165,0.2804308487553307,0.8909095415303315,0.8622715386430593,4.57699283261418,0,0,0,0,0,0,50.589999999999996,51.2,33.4,33.4,0.1483445803510144
process,standard-operations,qlearning,333,33,argos_feasible_process_generalization_evaluate_standard-operations_qlearning_s333,64,12.516592907503815,0.19557176417974712,0.8921145651363218,0.8635044189526345,3.0923899295694075,0,0,0,0,0,0,50.5,51.2,33.4,33.4,0.14831350469732854
process,standard-operations,qlearning,444,44,argos_feasible_process_generalization_evaluate_standard-operations_qlearning_s444,64,17.372404720170085,0.2714438237526576,0.8929677064236134,0.8814882377288574,4.21526386660333,0,0,0,0,0,0,50.88999999999999,55.8,33.4,33.5,0.1496681022533283
process,standard-operations,qlearning,555,55,argos_feasible_process_generalization_evaluate_standard-operations_qlearning_s555,64,15.038280165184558,0.23497312758100872,0.906139330883945,0.886167769854784,2.7878874902552213,0,0,0,0,0,0,50.5,51.5,33.4,33.6,0.16761834030939135
process,standard-operations,dqn,111,11,argos_feasible_process_generalization_evaluate_standard-operations_dqn_s111,64,26.903067713994524,0.42036043303116444,0.9242017002133516,0.919447969332309,5.641074392215285,0,0,0,0,0,0,50.7,51.0,33.4,33.6,0.1485703037331622
process,standard-operations,dqn,222,22,argos_feasible_process_generalization_evaluate_standard-operations_dqn_s222,64,26.252836634681067,0.4102005724168917,0.8678797588437875,0.8277016042383586,5.296614035412118,0,0,0,0,0,0,50.7,55.3,33.4,33.4,0.148656825764628
process,standard-operations,dqn,333,33,argos_feasible_process_generalization_evaluate_standard-operations_dqn_s333,64,10.103344823136826,0.1578647628615129,0.8813978353356827,0.8573287187823946,1.6742947739313159,0,0,0,0,0,0,50.089999999999996,51.0,33.4,33.4,0.16410744019734802
process,standard-operations,dqn,444,44,argos_feasible_process_generalization_evaluate_standard-operations_dqn_s444,64,20.48328277336999,0.3200512933339061,0.9218477305786409,0.9308799692396454,4.885236366716014,0,0,0,0,0,0,50.5,55.8,33.4,33.6,0.14831842972706957
process,standard-operations,dqn,555,55,argos_feasible_process_generalization_evaluate_standard-operations_dqn_s555,64,20.141780634149935,0.31471532240859273,0.8678797588437875,0.8277016042383586,2.6291951868269186,0,0,0,0,0,0,24.004999999999804,51.0,33.4,33.9,0.148412675022129
process,standard-operations,ppo,111,11,argos_feasible_process_generalization_evaluate_standard-operations_ppo_s111,64,36.95819936806299,0.5774718651259843,0.9334239601981501,0.9249643997454663,5.65384441645688,0,0,0,0,0,0,35.2399999999998,51.0,33.4,33.8,0.14859249403835895
process,standard-operations,ppo,222,22,argos_feasible_process_generalization_evaluate_standard-operations_ppo_s222,64,37.23997276158399,0.5818745743997499,0.9309662731783548,0.9232296200722441,5.715130957030743,0,0,0,0,0,0,30.364999999999778,51.0,33.4,33.4,0.1485520690337796
process,standard-operations,ppo,333,33,argos_feasible_process_generalization_evaluate_standard-operations_ppo_s333,64,24.637308339733323,0.3849579428083332,0.8678797588437875,0.8277016042383586,5.34205625612269,0,0,0,0,0,0,28.404999999999852,50.7,33.4,33.4,0.17118700741983267
process,standard-operations,ppo,444,44,argos_feasible_process_generalization_evaluate_standard-operations_ppo_s444,64,15.13074243482047,0.23641785054406986,0.8678797588437875,0.8277016042383586,2.6103646036178345,0,0,0,0,0,0,17.389999999999976,50.7,33.4,33.4,0.14848470161497906
process,standard-operations,ppo,555,55,argos_feasible_process_generalization_evaluate_standard-operations_ppo_s555,64,28.457048907512284,0.44464138917987944,0.9379920310897081,0.9196933926153391,2.796484950989013,0,0,0,0,0,0,32.1899999999998,50.7,33.4,33.7,0.14932005944194007
process,cost-sensitive,static,111,11,argos_feasible_process_generalization_evaluate_cost-sensitive_static_s111,64,16.406137952817698,0.25634590551277653,0.8908447270243264,0.8752573161443538,1.4443238035621553,0,0,0,0,0,0,15.214999999999879,50.7,33.4,33.4,0.14775987133703114
process,cost-sensitive,static,222,22,argos_feasible_process_generalization_evaluate_cost-sensitive_static_s222,64,16.346976345280478,0.25542150539500746,0.8908447270243264,0.8752573161443538,1.4459825967715163,0,0,0,0,0,0,20.144999999999975,50.7,33.4,33.4,0.1471089979806666
process,cost-sensitive,static,333,33,argos_feasible_process_generalization_evaluate_cost-sensitive_static_s333,64,16.30131530126178,0.2547080515822153,0.8908447270243264,0.8752573161443538,1.4589073382267328,0,0,0,0,0,0,23.069999999999947,51.2,33.4,33.5,0.14885976500388534
process,cost-sensitive,static,444,44,argos_feasible_process_generalization_evaluate_cost-sensitive_static_s444,64,16.320339234360553,0.25500530053688364,0.8908447270243264,0.8752573161443538,1.3999463208948946,0,0,0,0,0,0,10.874999999999915,51.0,33.4,34.0,0.14893928132902012
process,cost-sensitive,static,555,55,argos_feasible_process_generalization_evaluate_cost-sensitive_static_s555,64,16.343041849910136,0.2553600289048459,0.8908447270243264,0.8752573161443538,1.4569519076127488,0,0,0,0,0,0,18.23999999999994,51.0,33.4,33.4,0.14791623032381715
process,cost-sensitive,threshold,111,11,argos_feasible_process_generalization_evaluate_cost-sensitive_threshold_s111,64,37.299330208752245,0.5828020345117538,0.91977304110668,0.9147316110388662,2.755803369812277,0,0,0,0,0,0,29.9299999999998,50.5,33.4,33.9,0.14919300938316746
process,cost-sensitive,threshold,222,22,argos_feasible_process_generalization_evaluate_cost-sensitive_threshold_s222,64,37.31583435520512,0.58305991180008,0.91977304110668,0.9147316110388662,2.7028545730608005,0,0,0,0,0,0,28.709999999999866,50.7,33.4,33.8,0.1638508831559335
process,cost-sensitive,threshold,333,33,argos_feasible_process_generalization_evaluate_cost-sensitive_threshold_s333,64,37.301832630435456,0.582841134850554,0.91977304110668,0.9147316110388662,2.629900602915423,0,0,0,0,0,0,30.099999999999795,51.2,33.4,33.4,0.148206666058564
process,cost-sensitive,threshold,444,44,argos_feasible_process_generalization_evaluate_cost-sensitive_threshold_s444,64,37.34081301792211,0.583450203405033,0.91977304110668,0.9147316110388662,2.7320246356431914,0,0,0,0,0,0,30.61499999999981,51.2,33.4,33.4,0.14837751533019267
process,cost-sensitive,threshold,555,55,argos_feasible_process_generalization_evaluate_cost-sensitive_threshold_s555,64,37.3106566957144,0.5829790108705375,0.91977304110668,0.9147316110388662,2.685305950814945,0,0,0,0,0,0,28.834999999999837,50.7,33.4,33.4,0.14861455465409248
process,cost-sensitive,best_fixed,111,11,argos_feasible_process_generalization_evaluate_cost-sensitive_best_fixed_s111,64,39.50906209023513,0.617329095159924,0.9234042210551792,0.919447969332309,2.6782515818479817,0,0,0,0,0,0,28.479999999999812,50.5,33.4,33.8,0.16374021455729137
process,cost-sensitive,best_fixed,222,22,argos_feasible_process_generalization_evaluate_cost-sensitive_best_fixed_s222,64,39.55315405816444,0.6180180321588193,0.9234042210551792,0.919447969332309,2.720865184667881,0,0,0,0,0,0,26.544999999999796,51.0,33.4,33.6,0.1482387311389055
process,cost-sensitive,best_fixed,333,33,argos_feasible_process_generalization_evaluate_cost-sensitive_best_fixed_s333,64,39.443758235597,0.6163087224312032,0.9234042210551792,0.919447969332309,2.7348650731737636,0,0,0,0,0,0,27.3749999999998,51.0,33.4,34.1,0.148387560270539
process,cost-sensitive,best_fixed,444,44,argos_feasible_process_generalization_evaluate_cost-sensitive_best_fixed_s444,64,39.450192709007794,0.6164092610782468,0.9234042210551792,0.919447969332309,2.762501217700816,0,0,0,0,0,0,28.894999999999783,51.0,33.4,33.8,0.1634349061510215
process,cost-sensitive,best_fixed,555,55,argos_feasible_process_generalization_evaluate_cost-sensitive_best_fixed_s555,64,39.45616756385867,0.6165026181852917,0.9234042210551792,0.919447969332309,2.7729993963998454,0,0,0,0,0,0,28.864999999999753,51.0,33.4,33.6,0.14803172471162515
process,cost-sensitive,qlearning,111,11,argos_feasible_process_generalization_evaluate_cost-sensitive_qlearning_s111,64,2.0624012981915056,0.032225020284242276,0.911598797043923,0.9057560053036839,1.0665997291801577,0,0,0,0,0,0,49.724999999999994,51.2,33.4,33.4,0.14792793480835267
process,cost-sensitive,qlearning,222,22,argos_feasible_process_generalization_evaluate_cost-sensitive_qlearning_s222,64,20.07721550526023,0.3137064922696911,0.8822404976259282,0.8490755213498778,2.2352945780126126,0,0,0,0,0,0,50.5,57.3,33.4,33.5,0.14845171802828716
process,cost-sensitive,qlearning,333,33,argos_feasible_process_generalization_evaluate_cost-sensitive_qlearning_s333,64,12.480899077444343,0.19501404808506786,0.8866013787900787,0.8562164020973353,1.2557893276453378,0,0,0,0,0,0,50.5,51.5,33.4,33.5,0.1472443552893717
process,cost-sensitive,qlearning,444,44,argos_feasible_process_generalization_evaluate_cost-sensitive_qlearning_s444,64,17.48394322103237,0.27318661282863077,0.9041964546376816,0.886347219591084,2.217300800936793,0,0,0,0,0,0,50.38999999999999,51.2,33.4,33.6,0.14718625997615947
process,cost-sensitive,qlearning,555,55,argos_feasible_process_generalization_evaluate_cost-sensitive_qlearning_s555,64,15.05994148436205,0.23531158569315702,0.8717401261315069,0.8165190985794204,1.7474663043340912,0,0,0,0,0,0,50.7,52.0,33.4,33.9,0.14837311600669828
process,cost-sensitive,dqn,111,11,argos_feasible_process_generalization_evaluate_cost-sensitive_dqn_s111,64,31.77899547003955,0.496546804219368,0.8865111108326963,0.8490734074681562,3.0256070985056187,0,0,0,0,0,0,50.7,51.2,33.4,33.6,0.14806921557799158
process,cost-sensitive,dqn,222,22,argos_feasible_process_generalization_evaluate_cost-sensitive_dqn_s222,64,29.33166258167468,0.4583072278386669,0.8702750919870467,0.8263757802519274,2.510502416749369,0,0,0,0,0,0,50.3,51.2,33.4,33.5,0.14838516726538556
process,cost-sensitive,dqn,333,33,argos_feasible_process_generalization_evaluate_cost-sensitive_dqn_s333,64,33.139157597536574,0.517799337461509,0.9223497881503295,0.9180262847528747,2.72986763008529,0,0,0,0,0,0,31.21999999999985,51.2,33.4,33.9,0.14823827395516057
process,cost-sensitive,dqn,444,44,argos_feasible_process_generalization_evaluate_cost-sensitive_dqn_s444,64,25.912816936241384,0.40488776462877163,0.8822329729089762,0.8470347843665778,3.1134508321078482,0,0,0,0,0,0,50.7,54.8,33.4,33.7,0.1472977453063244
process,cost-sensitive,dqn,555,55,argos_feasible_process_generalization_evaluate_cost-sensitive_dqn_s555,64,23.16360770200148,0.36193137034377315,0.8841490855200987,0.8488067556676337,1.911584961564464,0,0,0,0,0,0,50.5,55.9,33.4,33.6,0.16390446507646772
process,cost-sensitive,ppo,111,11,argos_feasible_process_generalization_evaluate_cost-sensitive_ppo_s111,64,37.25438180834188,0.5820997157553419,0.9204782632145279,0.9162210665323154,2.765953238024604,0,0,0,0,0,0,30.239999999999807,51.0,33.4,33.4,0.14734932789226016
process,cost-sensitive,ppo,222,22,argos_feasible_process_generalization_evaluate_cost-sensitive_ppo_s222,64,16.295384223128448,0.254615378486382,0.8908447270243264,0.8752573161443538,1.4449730481690555,0,0,0,0,0,0,19.964999999999936,50.7,33.4,33.7,0.1478267875139931
process,cost-sensitive,ppo,333,33,argos_feasible_process_generalization_evaluate_cost-sensitive_ppo_s333,64,28.38553143400132,0.4435239286562706,0.9686641331030451,0.9880805670587396,2.375973368489618,0,0,0,0,0,0,9.864999999999958,23.1,33.4,33.4,0.15259910844166516
process,cost-sensitive,ppo,444,44,argos_feasible_process_generalization_evaluate_cost-sensitive_ppo_s444,64,16.335116483704557,0.2552361950578837,0.8908447270243264,0.8752573161443538,1.3935264438187998,0,0,0,0,0,0,13.699999999999955,50.7,33.4,33.4,0.14788729986014648
process,cost-sensitive,ppo,555,55,argos_feasible_process_generalization_evaluate_cost-sensitive_ppo_s555,64,37.23337640998925,0.581771506406082,0.9204782632145279,0.9162210665323154,2.736726611984085,0,0,0,0,0,0,29.88999999999984,55.8,33.4,33.8,0.14732096505370976
process,short-burst,static,111,11,argos_feasible_process_generalization_evaluate_short-burst_static_s111,64,13.144173674753805,0.2053777136680282,0.9195460783200576,0.8988597061063988,6.331485793704077,0,0,0,0,0,0,38.69999999999982,51.0,33.4,33.9,0.14962649819472723
process,short-burst,static,222,22,argos_feasible_process_generalization_evaluate_short-burst_static_s222,64,13.251804833762629,0.20705945052754107,0.9195460783200576,0.8988597061063988,6.350298581529316,0,0,0,0,0,0,35.38499999999994,51.5,33.4,33.4,0.14874588530817875
process,short-burst,static,333,33,argos_feasible_process_generalization_evaluate_short-burst_static_s333,64,13.837173844316046,0.21620584131743822,0.9195460783200576,0.8988597061063988,6.502228939171994,0,0,0,0,0,0,45.464999999999954,51.0,33.4,33.4,0.14909892437728753
process,short-burst,static,444,44,argos_feasible_process_generalization_evaluate_short-burst_static_s444,64,13.981638354471075,0.21846309928861055,0.9195460783200576,0.8988597061063988,6.223739889621047,0,0,0,0,0,0,35.004999999999804,51.0,33.4,33.4,0.1479273045388337
process,short-burst,static,555,55,argos_feasible_process_generalization_evaluate_short-burst_static_s555,64,14.00973881731374,0.2189021690205272,0.9195460783200576,0.8988597061063988,6.368499916869323,0,0,0,0,0,0,36.20499999999981,50.7,33.4,34.0,0.14810170731613836
process,short-burst,threshold,111,11,argos_feasible_process_generalization_evaluate_short-burst_threshold_s111,64,31.52932996982956,0.4926457807785869,0.9645448732058861,0.9652300758626196,16.852962038512572,0,0,0,0,0,0,50.3,51.2,33.4,33.6,0.14772773066865477
process,short-burst,threshold,222,22,argos_feasible_process_generalization_evaluate_short-burst_threshold_s222,64,31.528222129457127,0.4926284707727676,0.9644335696794751,0.9650696960833021,16.8054918204846,0,0,0,0,0,0,50.3,55.9,33.4,33.8,0.14725769103871955
process,short-burst,threshold,333,33,argos_feasible_process_generalization_evaluate_short-burst_threshold_s333,64,32.30072639564985,0.504698849932029,0.9645219376455959,0.9652300758626196,16.561185805189613,0,0,0,0,0,0,50.3,51.0,33.445,33.9,0.1642119445325352
process,short-burst,threshold,444,44,argos_feasible_process_generalization_evaluate_short-burst_threshold_s444,64,32.832336291723685,0.5130052545581826,0.9645085606075825,0.9652300758626196,16.758652152142265,0,0,0,0,0,0,50.3,52.5,33.4,34.0,0.1475855063115591
process,short-burst,threshold,555,55,argos_feasible_process_generalization_evaluate_short-burst_threshold_s555,64,32.153068432052564,0.5023916942508213,0.9644335696794751,0.9650696960833021,16.59438088527047,0,0,0,0,0,0,50.3,51.5,33.4,34.1,0.14775275011107308
process,short-burst,best_fixed,111,11,argos_feasible_process_generalization_evaluate_short-burst_best_fixed_s111,64,31.791547912497656,0.49674293613277587,0.9678553050872075,0.9715295816992999,21.385455320751856,0,0,0,0,0,0,49.5,51.0,33.4,33.4,0.16326475557889206
process,short-burst,best_fixed,222,22,argos_feasible_process_generalization_evaluate_short-burst_best_fixed_s222,64,32.39999436961848,0.5062499120252888,0.9677015633476022,0.9708851012713648,20.068981628569347,0,0,0,0,0,0,48.09999999999998,51.0,33.4,34.0,0.14933735625178757
process,short-burst,best_fixed,333,33,argos_feasible_process_generalization_evaluate_short-burst_best_fixed_s333,64,32.375845683169565,0.5058725887995245,0.9678553050872075,0.9715295816992999,20.840204689237808,0,0,0,0,0,0,49.335,51.2,33.4,34.0,0.1478392159711272
process,short-burst,best_fixed,444,44,argos_feasible_process_generalization_evaluate_short-burst_best_fixed_s444,64,32.144741818898915,0.5022615909202955,0.9678553050872075,0.971315671317334,21.37768090717376,0,0,0,0,0,0,49.38999999999999,51.2,33.4,33.8,0.14740009786161778
process,short-burst,best_fixed,555,55,argos_feasible_process_generalization_evaluate_short-burst_best_fixed_s555,64,32.322818009790794,0.5050440314029812,0.9678553050872075,0.971315671317334,21.17613887029981,0,0,0,0,0,0,49.5,50.7,33.4,34.0,0.14800135653967014
process,short-burst,qlearning,111,11,argos_feasible_process_generalization_evaluate_short-burst_qlearning_s111,64,1.654464391832032,0.0258510061223755,0.9410577882352988,0.9278447332937416,5.381013293925868,0,0,0,0,0,0,50.589999999999996,51.5,33.4,33.9,0.1481459824723787
process,short-burst,qlearning,222,22,argos_feasible_process_generalization_evaluate_short-burst_qlearning_s222,64,14.875338394542773,0.23242716241473083,0.9330179557285545,0.9147232750780551,13.382591479594714,0,0,0,0,0,0,50.589999999999996,51.5,33.4,33.8,0.14825094815206072
process,short-burst,qlearning,333,33,argos_feasible_process_generalization_evaluate_short-burst_qlearning_s333,64,9.126980316552862,0.14260906744613847,0.9388584417619473,0.9235971049344919,8.02029111780225,0,0,0,0,0,0,50.5,51.5,33.4,33.8,0.14885198477956824
process,short-burst,qlearning,444,44,argos_feasible_process_generalization_evaluate_short-burst_qlearning_s444,64,19.484388640490764,0.3044435725076682,0.9508230899000295,0.9480348861322734,12.518955403300003,0,0,0,0,0,0,50.5,51.7,33.4,33.9,0.14769067127521973
process,short-burst,qlearning,555,55,argos_feasible_process_generalization_evaluate_short-burst_qlearning_s555,64,13.448987405070586,0.2101404282042279,0.9439479674725393,0.9335039500764594,4.600584880188226,0,0,0,0,0,0,50.589999999999996,55.7,33.4,33.9,0.14782524515656176
process,short-burst,dqn,111,11,argos_feasible_process_generalization_evaluate_short-burst_dqn_s111,64,17.27615693123139,0.2699399520504905,0.96650316037538,0.9678482605249599,8.359643224464746,0,0,0,0,0,0,50.835,55.5,33.4,33.8,0.1861750997582471
process,short-burst,dqn,222,22,argos_feasible_process_generalization_evaluate_short-burst_dqn_s222,64,30.130146848783184,0.47078354451223725,0.9663093818413483,0.9665592996690898,12.028354071779512,0,0,0,0,0,0,50.3,51.0,33.4,34.1,0.16229099233855698
process,short-burst,dqn,333,33,argos_feasible_process_generalization_evaluate_short-burst_dqn_s333,64,12.555278896217862,0.1961762327534041,0.9279848246608826,0.9025394245374149,18.488396500784255,0,0,0,0,0,0,50.5,55.7,33.4,33.8,0.14860462285529494
process,short-burst,dqn,444,44,argos_feasible_process_generalization_evaluate_short-burst_dqn_s444,64,18.587448681326364,0.29042888564572444,0.9357472308722478,0.9197896746642827,19.383784248715354,0,0,0,0,0,0,50.5,51.0,33.4,33.8,0.14754974663227943
process,short-burst,dqn,555,55,argos_feasible_process_generalization_evaluate_short-burst_dqn_s555,64,19.029778189521984,0.297340284211281,0.9453014096402907,0.9265217569452229,22.3269950586652,0,0,0,0,0,0,50.5,51.5,33.635,33.9,0.14739962245049407
process,short-burst,ppo,111,11,argos_feasible_process_generalization_evaluate_short-burst_ppo_s111,64,26.75977289282519,0.4181214514503936,0.9634589131870415,0.9599711875931308,6.672040965477967,0,0,0,0,0,0,48.374999999999986,50.8,33.4,34.1,0.14782243668786144
process,short-burst,ppo,222,22,argos_feasible_process_generalization_evaluate_short-burst_ppo_s222,64,19.101839353937258,0.29846623990526966,0.9634589131870415,0.9599711875931308,4.293360453262072,0,0,0,0,0,0,49.2,51.0,33.4,34.3,0.16333856430518479
process,short-burst,ppo,333,33,argos_feasible_process_generalization_evaluate_short-burst_ppo_s333,64,20.93854405736391,0.3271647508963111,0.9195460783200576,0.8988597061063988,6.318098511358703,0,0,0,0,0,0,37.01499999999988,51.0,33.4,33.9,0.14872954904817282
process,short-burst,ppo,444,44,argos_feasible_process_generalization_evaluate_short-burst_ppo_s444,64,18.105879166752494,0.2829043619805077,0.9658065979518273,0.9671321261987204,20.36080349059332,0,0,0,0,0,0,49.5,55.7,33.4,33.4,0.14747628111228514
process,short-burst,ppo,555,55,argos_feasible_process_generalization_evaluate_short-burst_ppo_s555,64,14.05751340920165,0.2196486470187758,0.9195460783200576,0.8988597061063988,6.195439487308649,0,0,0,0,0,0,31.91499999999979,51.0,33.4,34.2,0.14821673879903974
process,aggressive-incident,static,111,11,argos_feasible_process_primary_evaluate_aggressive-incident_static_s111,64,10.717767264236008,0.16746511350368762,0.9656466367433705,0.9603637285014871,10.438083791408403,7,7,0,0,0,0,50.835,100.0,33.3,43.5,0.22374528859868853
process,aggressive-incident,static,222,22,argos_feasible_process_primary_evaluate_aggressive-incident_static_s222,64,10.847943073757673,0.16949911052746364,0.965677217490424,0.9605054324080163,9.979255565259816,7,7,0,0,0,0,50.724999999999994,100.0,33.3,43.5,0.21746679664885607
process,aggressive-incident,static,333,33,argos_feasible_process_primary_evaluate_aggressive-incident_static_s333,64,10.80651221881868,0.16885175341904188,0.965677217490424,0.9603637285014871,10.098223170816038,7,7,0,0,0,0,51.335,100.0,33.5,43.5,0.21045910061908707
process,aggressive-incident,static,444,44,argos_feasible_process_primary_evaluate_aggressive-incident_static_s444,64,10.787124011888691,0.1685488126857608,0.965677217490424,0.9603637285014871,9.943826730199053,7,7,0,0,0,0,51.0,100.0,33.4,43.5,0.20703269311820383
process,aggressive-incident,static,555,55,argos_feasible_process_primary_evaluate_aggressive-incident_static_s555,64,10.679600404066068,0.16686875631353232,0.965677217490424,0.9605054324080163,10.28160003667876,7,7,0,0,0,0,51.224999999999994,100.0,33.4,43.5,0.239522716648096
process,aggressive-incident,threshold,111,11,argos_feasible_process_primary_evaluate_aggressive-incident_threshold_s111,64,2.28503050426154,0.03570360162908656,0.9638133447109652,0.9672332081221439,8.697667558176986,11,11,0,0,0,0,98.0,100.0,33.3,43.4,0.2195971045192663
process,aggressive-incident,threshold,222,22,argos_feasible_process_primary_evaluate_aggressive-incident_threshold_s222,64,2.257319141596408,0.03527061158744387,0.9628119482581258,0.9662393860611682,8.689398892912767,11,11,0,0,0,0,98.0,100.0,33.4,43.4,0.24601959676802654
process,aggressive-incident,threshold,333,33,argos_feasible_process_primary_evaluate_aggressive-incident_threshold_s333,64,2.2644625728016727,0.035382227700026136,0.9627525707483288,0.9660874071274341,8.646219872082774,11,11,0,0,0,0,98.0,100.0,33.5,43.5,0.21591173301477168
process,aggressive-incident,threshold,444,44,argos_feasible_process_primary_evaluate_aggressive-incident_threshold_s444,64,2.2409765889044264,0.03501525920163166,0.9645684353200458,0.9680423891038843,8.4152085143152,11,11,0,0,0,0,98.0,100.0,33.6,43.5,0.21194981433090862
process,aggressive-incident,threshold,555,55,argos_feasible_process_primary_evaluate_aggressive-incident_threshold_s555,64,2.2952480440199188,0.03586325068781123,0.9646996747808271,0.9682623385155197,8.385565229314015,11,11,0,0,0,0,98.0,100.0,33.4,43.4,0.20847387507203766
process,aggressive-incident,best_fixed,111,11,argos_feasible_process_primary_evaluate_aggressive-incident_best_fixed_s111,64,24.762622096350295,0.38691597025547336,1.0,1.0,47.85261714269244,14,14,0,0,0,0,99.44999999999999,100.0,33.48,43.1,0.2046940347811383
process,aggressive-incident,best_fixed,222,22,argos_feasible_process_primary_evaluate_aggressive-incident_best_fixed_s222,64,24.957825583004787,0.3899660247344498,1.0,1.0,42.85330487306786,14,14,0,0,0,0,99.44999999999999,100.0,33.445,43.1,0.20474269668320286
process,aggressive-incident,best_fixed,333,33,argos_feasible_process_primary_evaluate_aggressive-incident_best_fixed_s333,64,24.76974056707533,0.38702719636055205,1.0,1.0,42.844818634961655,14,14,0,0,0,0,99.44999999999999,100.0,33.5,43.1,0.20508831388427756
process,aggressive-incident,best_fixed,444,44,argos_feasible_process_primary_evaluate_aggressive-incident_best_fixed_s444,64,24.673200712815376,0.38551876113774025,1.0,1.0,43.739025226976494,15,15,0,0,0,0,99.44999999999999,100.0,33.5,43.1,0.2049485144447001
process,aggressive-incident,best_fixed,555,55,argos_feasible_process_primary_evaluate_aggressive-incident_best_fixed_s555,64,24.639446582093896,0.3849913528452171,1.0,1.0,43.04944926468782,14,14,0,0,0,0,98.89999999999998,100.0,33.445,43.1,0.20812785369780373
process,aggressive-incident,qlearning,111,11,argos_feasible_process_primary_evaluate_aggressive-incident_qlearning_s111,64,-0.5590478210616767,-0.008735122204088699,0.9703025220805832,0.9692585891881407,12.647818901264761,24,24,0,0,0,0,100.0,100.0,41.304999999999964,43.5,0.2150290560301303
process,aggressive-incident,qlearning,222,22,argos_feasible_process_primary_evaluate_aggressive-incident_qlearning_s222,64,4.500374326787836,0.07031834885605993,0.9500856373533897,0.9465150426626232,25.19000881429626,20,20,0,0,0,0,100.0,100.0,38.434999999999995,43.4,0.21909017111737933
process,aggressive-incident,qlearning,333,33,argos_feasible_process_primary_evaluate_aggressive-incident_qlearning_s333,64,6.0521759565090125,0.09456524932045332,0.9591750331428203,0.9546729897909167,10.661966375775023,22,22,0,0,0,0,100.0,100.0,41.249999999999964,43.6,0.24666208130189304
process,aggressive-incident,qlearning,444,44,argos_feasible_process_primary_evaluate_aggressive-incident_qlearning_s444,64,17.336183862908427,0.2708778728579442,0.988114246836745,0.9872954041204444,20.137410885142152,21,21,0,0,0,0,100.0,100.0,41.23999999999996,43.6,0.2353090003391323
process,aggressive-incident,qlearning,555,55,argos_feasible_process_primary_evaluate_aggressive-incident_qlearning_s555,64,9.545619881237233,0.14915031064433176,0.9622189520207335,0.9635006994378682,10.658409342211742,24,24,0,0,0,0,100.0,100.0,41.22499999999997,43.6,0.2169393681261348
process,aggressive-incident,dqn,111,11,argos_feasible_process_primary_evaluate_aggressive-incident_dqn_s111,64,19.633024671335377,0.30676601048961527,0.9851188169663271,0.9861686113999779,52.623673730005876,21,21,0,0,0,0,100.0,100.0,39.42499999999997,43.0,0.24151290561142255
process,aggressive-incident,dqn,222,22,argos_feasible_process_primary_evaluate_aggressive-incident_dqn_s222,64,25.962692868232228,0.40566707606612856,0.9976851468337414,0.9972469666778311,27.152392851612554,25,25,0,0,0,0,100.0,100.0,39.68499999999999,43.1,0.22807208877616594
process,aggressive-incident,dqn,333,33,argos_feasible_process_primary_evaluate_aggressive-incident_dqn_s333,64,17.125203536300063,0.2675813052546885,0.9666964297672408,0.9613523188471269,39.057422269348756,15,15,0,0,0,0,99.44999999999999,100.0,33.5,43.5,0.21912566952479176
process,aggressive-incident,dqn,444,44,argos_feasible_process_primary_evaluate_aggressive-incident_dqn_s444,64,20.14990815185191,0.3148423148726861,0.9806927481090113,0.9857747266338415,44.569037603953525,14,14,0,0,0,0,100.0,100.0,35.65999999999995,43.6,0.2137468975081165
process,aggressive-incident,dqn,555,55,argos_feasible_process_primary_evaluate_aggressive-incident_dqn_s555,64,22.734503788554196,0.3552266216961593,0.989807026441327,0.9926470119129609,36.81695894379254,16,16,0,0,0,0,98.89999999999998,100.0,35.02499999999997,43.6,0.21415408930976237
process,aggressive-incident,ppo,111,11,argos_feasible_process_primary_evaluate_aggressive-incident_ppo_s111,64,23.11257738708168,0.36113402167315123,0.9969353749787834,0.9962255094409456,48.39155910416974,14,14,0,0,0,0,99.44999999999999,100.0,33.345,43.0,0.2133583166644614
process,aggressive-incident,ppo,222,22,argos_feasible_process_primary_evaluate_aggressive-incident_ppo_s222,64,27.01567342302265,0.4221198972347289,0.9969353749787834,0.9962255094409456,10.242333185105101,7,7,0,0,0,0,50.724999999999994,100.0,33.4,43.1,0.24002515134584546
process,aggressive-incident,ppo,333,33,argos_feasible_process_primary_evaluate_aggressive-incident_ppo_s333,64,10.810103109649289,0.16890786108827013,0.965677217490424,0.9603637285014871,10.035139135762941,7,7,0,0,0,0,51.0,100.0,33.5,43.5,0.20906767291526826
process,aggressive-incident,ppo,444,44,argos_feasible_process_primary_evaluate_aggressive-incident_ppo_s444,64,1.223796529858009,0.01912182077903139,0.9573957964815595,0.9562970264510323,38.15912854734553,12,12,0,0,0,0,98.89999999999998,100.0,33.5,43.4,0.20608239234053097
process,aggressive-incident,ppo,555,55,argos_feasible_process_primary_evaluate_aggressive-incident_ppo_s555,64,23.686141646493454,0.3700959632264602,0.9969353749787834,0.9962255094409456,31.629929327490224,19,19,0,0,0,0,100.0,100.0,39.49499999999999,43.1,0.22565734438616836
