run_id,scenario,variant,training_seed,live_seed,submitted,initially_accepted,initially_queued,evaluated_requests,tail_censored_requests,decision_steps,reward_total,reward_per_step,mean_request_reward_per_step,slo_epochs,violated_epochs,violated_epoch_ratio,unique_violating_requests,unique_violation_ratio,violation_events,coverage_events,sample_events,freshness_events,cpu_events,memory_events,spatial_fidelity_mean,hotspot_recall_mean,sample_observation_ratio,freshness_observation_ratio,frozen_policy_evaluated_requests,error_records
concurrency_static_train11_live1001,concurrency,static,11,1001,35,9,26,16,0,2853,-31.380697875048348,-0.0109991930862418,-0.0466491791143908,2853,0,0.0,0,0.0,0,0,0,0,0,0,0.869570852393557,0.8370528462610264,0.9943918682089028,0.9943918682089028,0,0
concurrency_dqn_train11_live1001,concurrency,dqn,11,1001,35,9,26,16,0,2853,57.70362743327318,0.0202255967168849,-0.0507997128036309,2853,0,0.0,0,0.0,0,0,0,0,0,0,0.8778476896548744,0.8268256842653263,0.9943918682089028,0.9943918682089028,16,0
concurrency_ppo_train11_live1001,concurrency,ppo,11,1001,35,9,26,16,0,2853,450.40530139664463,0.1578707681025744,0.0040428651366394,2853,6,0.0021030494216614,2,0.125,6,0,0,6,0,0,0.9032118286936224,0.8637956442776119,0.9943918682089028,0.9943918682089028,15,0
concurrency_dqn_train22_live1002,concurrency,dqn,22,1002,36,9,27,15,0,2899,591.8825546391622,0.2041678353360337,0.089253043815564,2899,0,0.0,0,0.0,0,0,0,0,0,0,0.9030357460452652,0.8491088964059477,0.99482580200069,0.99482580200069,15,0
concurrency_ppo_train22_live1002,concurrency,ppo,22,1002,36,9,27,17,0,3385,42.83557124679004,0.0126545262176633,-0.0673112980434984,3385,5,0.001477104874446,2,0.1176470588235294,5,0,0,5,0,0,0.8931320088239574,0.8552853792499716,0.9949778434268832,0.9949778434268832,17,0
concurrency_static_train22_live1002,concurrency,static,22,1002,36,9,27,16,0,2899,-42.89948552527815,-0.0147980288117551,-0.0495720511791022,2899,0,0.0,0,0.0,0,0,0,0,0,0,0.8696968794755954,0.8372353463280138,0.9944808554674024,0.9944808554674024,0,0
concurrency_ppo_train33_live1003,concurrency,ppo,33,1003,37,10,27,16,0,3140,256.6729986860558,0.0817429932121193,0.0148960716900668,3140,0,0.0,0,0.0,0,0,0,0,0,0,0.8846319202082558,0.8282605263148111,0.994904458598726,0.994904458598726,16,0
concurrency_static_train33_live1003,concurrency,static,33,1003,37,9,28,16,0,2877,-49.430233442580274,-0.0171811725556413,-0.0493998650306732,2877,0,0.0,0,0.0,0,0,0,0,0,0,0.869740309148915,0.8371977338188042,0.994438651372958,0.994438651372958,0,0
concurrency_dqn_train33_live1003,concurrency,dqn,33,1003,37,10,27,17,0,3148,-59.88215895896448,-0.0190222868357575,-0.0545227684393278,3148,1,0.0003176620076238,1,0.0588235294117647,1,0,0,1,0,0,0.9104179942900502,0.8679320845764492,0.994599745870394,0.994599745870394,16,0
concurrency_static_train44_live1004,concurrency,static,44,1004,36,9,27,16,0,2855,-33.84213315135933,-0.0118536368305987,-0.0464890989465556,2855,0,0.0,0,0.0,0,0,0,0,0,0,0.8696408160798048,0.8370662175275453,0.9943957968476356,0.9943957968476356,0,0
concurrency_dqn_train44_live1004,concurrency,dqn,44,1004,36,10,26,17,0,3329,-114.03374195089724,-0.0342546536349947,-0.0817268855248246,3329,1,0.0003003905076599,1,0.0588235294117647,1,0,0,1,0,0,0.8628451429621701,0.847264243001272,0.9948933613697808,0.9948933613697808,17,0
concurrency_ppo_train44_live1004,concurrency,ppo,44,1004,36,9,27,16,0,2855,239.9140759308404,0.0840329512892608,-0.0343003370888027,2855,7,0.0024518388791593,2,0.125,7,0,0,7,0,0,0.8870141782535924,0.8308693762220889,0.9943957968476356,0.9943957968476356,16,0
concurrency_dqn_train55_live1005,concurrency,dqn,55,1005,36,9,27,17,0,3321,28.862646359748915,0.0086909504244951,-0.0322368513546836,3321,1,0.0003011141222523,1,0.0588235294117647,1,0,0,1,0,0,0.8834441117830028,0.8293310816162838,0.9948810599217104,0.9948810599217104,17,0
concurrency_ppo_train55_live1005,concurrency,ppo,55,1005,36,9,27,16,0,2849,375.04487826926186,0.131640883913395,0.0231127441245901,2849,0,0.0,0,0.0,0,0,0,0,0,0,0.890397579755029,0.8681909549266871,0.9943839943839944,0.9943839943839944,16,0
concurrency_static_train55_live1005,concurrency,static,55,1005,36,9,27,16,0,2849,-75.89270128664188,-0.026638364789976,-0.0654963732931907,2849,0,0.0,0,0.0,0,0,0,0,0,0,0.869572203804947,0.8370810444833373,0.9943839943839944,0.9943839943839944,0,0
realistic_static_train11_live1001,realistic,static,11,1001,10,10,0,10,0,1229,291.2481255712595,0.2369797604322701,0.2342597736340725,1229,0,0.0,0,0.0,0,0,0,0,0,0,0.8673898852641561,0.8348647857781876,0.9918633034987796,0.9918633034987796,0,0
realistic_dqn_train11_live1001,realistic,dqn,11,1001,10,10,0,10,0,1227,650.6425769227424,0.5302710488367911,0.5109358900839422,1227,0,0.0,0,0.0,0,0,0,0,0,0,0.9021834194671948,0.8472524096798495,0.9918500407497962,0.9918500407497962,10,0
realistic_ppo_train11_live1001,realistic,ppo,11,1001,10,10,0,10,0,1227,563.9221025612085,0.4595942156163064,0.441411525839368,1227,0,0.0,0,0.0,0,0,0,0,0,0,0.9006379581761018,0.8555213945370911,0.9918500407497962,0.9918500407497962,10,0
realistic_dqn_train22_live1002,realistic,dqn,22,1002,10,10,0,10,0,1220,627.9669347089223,0.5147269956630511,0.5215470640575232,1220,0,0.0,0,0.0,0,0,0,0,0,0,0.9105278277693004,0.8525961544915652,0.9918032786885246,0.9918032786885246,10,0
realistic_ppo_train22_live1002,realistic,ppo,22,1002,10,10,0,10,0,1220,433.59689550004094,0.3554072913934762,0.359612608208937,1220,0,0.0,0,0.0,0,0,0,0,0,0,0.9068844756436036,0.8599771131446644,0.9918032786885246,0.9918032786885246,10,0
realistic_static_train22_live1002,realistic,static,22,1002,10,10,0,10,0,1213,284.7139855037619,0.2347188668621281,0.2329187174636349,1213,0,0.0,0,0.0,0,0,0,0,0,0,0.871159295958812,0.8369369394567194,0.9917559769167352,0.9917559769167352,0,0
realistic_ppo_train33_live1003,realistic,ppo,33,1003,12,12,0,12,0,1365,581.1216690979878,0.4257301605113462,0.4083978986793185,1365,0,0.0,0,0.0,0,0,0,0,0,0,0.8992612904231311,0.8309667480444703,0.9912087912087912,0.9912087912087912,12,0
realistic_static_train33_live1003,realistic,static,33,1003,12,12,0,12,0,1367,320.2685274240638,0.2342856820951453,0.2339566014354049,1367,0,0.0,0,0.0,0,0,0,0,0,0,0.8736318056979575,0.8378169487508578,0.9912216532553036,0.9912216532553036,0,0
realistic_dqn_train33_live1003,realistic,dqn,33,1003,12,12,0,12,0,1365,626.5023888839811,0.4589761090725136,0.4557341330164847,1365,0,0.0,0,0.0,0,0,0,0,0,0,0.915346575472294,0.8591950925722608,0.9912087912087912,0.9912087912087912,12,0
realistic_static_train44_live1004,realistic,static,44,1004,9,9,0,9,0,1117,263.18245560696704,0.235615448170964,0.2356821118310991,1117,0,0.0,0,0.0,0,0,0,0,0,0,0.8664090638342923,0.833279217315798,0.9919427036705462,0.9919427036705462,0,0
realistic_dqn_train44_live1004,realistic,dqn,44,1004,10,10,0,9,1,1119,524.1447435914583,0.4684045965964771,0.450038273323862,1119,0,0.0,0,0.0,0,0,0,0,0,0,0.8964174269920694,0.8395926416398133,0.9919571045576407,0.9919571045576407,9,0
realistic_ppo_train44_live1004,realistic,ppo,44,1004,10,10,0,9,1,1118,412.1551294551773,0.3686539619455973,0.3721197276596099,1118,0,0.0,0,0.0,0,0,0,0,0,0,0.8881292112985963,0.8260387424993655,0.9919499105545616,0.9919499105545616,9,0
realistic_dqn_train55_live1005,realistic,dqn,55,1005,9,9,0,9,0,1075,339.0348208501961,0.3153812286978569,0.3163844555863961,1075,0,0.0,0,0.0,0,0,0,0,0,0,0.8972860050635616,0.840790262738401,0.9916279069767442,0.9916279069767442,9,0
realistic_ppo_train55_live1005,realistic,ppo,55,1005,9,9,0,9,0,1075,417.8319641647087,0.3886808968974031,0.4044020978574811,1075,0,0.0,0,0.0,0,0,0,0,0,0,0.889846845757068,0.8612107802699296,0.9916279069767442,0.9916279069767442,9,0
realistic_static_train55_live1005,realistic,static,55,1005,9,9,0,9,0,1074,260.219873419904,0.2422903849347339,0.2420473983335452,1074,0,0.0,0,0.0,0,0,0,0,0,0,0.8682794319948807,0.8343856679732452,0.9916201117318436,0.9916201117318436,0,0
