run_id,scenario,variant,live_seed,action,count,share
concurrency_dqn_train11_live1001,concurrency,dqn,1001,hold,2614,0.9162285313704872
concurrency_dqn_train11_live1001,concurrency,dqn,1001,increase_coverage,47,0.016473887136347704
concurrency_dqn_train11_live1001,concurrency,dqn,1001,decrease_coverage,51,0.017875920084121977
concurrency_dqn_train11_live1001,concurrency,dqn,1001,increase_sample,35,0.012267788293024886
concurrency_dqn_train11_live1001,concurrency,dqn,1001,decrease_sample,29,0.010164738871363477
concurrency_dqn_train11_live1001,concurrency,dqn,1001,decrease_freshness,41,0.014370837714686295
concurrency_dqn_train11_live1001,concurrency,dqn,1001,increase_freshness,36,0.012618296529968454
concurrency_dqn_train22_live1002,concurrency,dqn,1002,hold,2823,0.9737840634701621
concurrency_dqn_train22_live1002,concurrency,dqn,1002,increase_coverage,20,0.006898930665746809
concurrency_dqn_train22_live1002,concurrency,dqn,1002,decrease_coverage,4,0.0013797861331493618
concurrency_dqn_train22_live1002,concurrency,dqn,1002,increase_sample,27,0.009313556398758192
concurrency_dqn_train22_live1002,concurrency,dqn,1002,decrease_sample,6,0.002069679199724043
concurrency_dqn_train22_live1002,concurrency,dqn,1002,decrease_freshness,2,0.0006898930665746809
concurrency_dqn_train22_live1002,concurrency,dqn,1002,increase_freshness,17,0.005864091065884788
concurrency_dqn_train33_live1003,concurrency,dqn,1003,hold,2863,0.9094663278271918
concurrency_dqn_train33_live1003,concurrency,dqn,1003,increase_coverage,41,0.013024142312579416
concurrency_dqn_train33_live1003,concurrency,dqn,1003,decrease_coverage,60,0.01905972045743329
concurrency_dqn_train33_live1003,concurrency,dqn,1003,increase_sample,26,0.008259212198221092
concurrency_dqn_train33_live1003,concurrency,dqn,1003,decrease_sample,1,0.0003176620076238882
concurrency_dqn_train33_live1003,concurrency,dqn,1003,decrease_freshness,87,0.027636594663278273
concurrency_dqn_train33_live1003,concurrency,dqn,1003,increase_freshness,70,0.022236340533672173
concurrency_dqn_train44_live1004,concurrency,dqn,1004,hold,2680,0.8050465605286873
concurrency_dqn_train44_live1004,concurrency,dqn,1004,increase_coverage,240,0.07209372183838991
concurrency_dqn_train44_live1004,concurrency,dqn,1004,decrease_coverage,257,0.07720036046860919
concurrency_dqn_train44_live1004,concurrency,dqn,1004,increase_sample,51,0.015319915890657855
concurrency_dqn_train44_live1004,concurrency,dqn,1004,decrease_sample,45,0.013517572844698107
concurrency_dqn_train44_live1004,concurrency,dqn,1004,decrease_freshness,40,0.012015620306398318
concurrency_dqn_train44_live1004,concurrency,dqn,1004,increase_freshness,16,0.004806248122559327
concurrency_dqn_train55_live1005,concurrency,dqn,1005,hold,2966,0.8931044866004215
concurrency_dqn_train55_live1005,concurrency,dqn,1005,increase_coverage,98,0.029509183980728697
concurrency_dqn_train55_live1005,concurrency,dqn,1005,decrease_coverage,89,0.026799156880457694
concurrency_dqn_train55_live1005,concurrency,dqn,1005,increase_sample,41,0.012345679012345678
concurrency_dqn_train55_live1005,concurrency,dqn,1005,decrease_sample,26,0.007828967178560674
concurrency_dqn_train55_live1005,concurrency,dqn,1005,decrease_freshness,67,0.020174646190906354
concurrency_dqn_train55_live1005,concurrency,dqn,1005,increase_freshness,34,0.010237880156579343
concurrency_ppo_train11_live1001,concurrency,ppo,1001,hold,2694,0.9442691903259727
concurrency_ppo_train11_live1001,concurrency,ppo,1001,increase_coverage,20,0.0070101647388713636
concurrency_ppo_train11_live1001,concurrency,ppo,1001,decrease_coverage,0,0.0
concurrency_ppo_train11_live1001,concurrency,ppo,1001,increase_sample,21,0.007360672975814932
concurrency_ppo_train11_live1001,concurrency,ppo,1001,decrease_sample,0,0.0
concurrency_ppo_train11_live1001,concurrency,ppo,1001,decrease_freshness,61,0.02138100245355766
concurrency_ppo_train11_live1001,concurrency,ppo,1001,increase_freshness,57,0.019978969505783387
concurrency_ppo_train22_live1002,concurrency,ppo,1002,hold,3120,0.9217134416543574
concurrency_ppo_train22_live1002,concurrency,ppo,1002,increase_coverage,46,0.013589364844903988
concurrency_ppo_train22_live1002,concurrency,ppo,1002,decrease_coverage,41,0.012112259970457902
concurrency_ppo_train22_live1002,concurrency,ppo,1002,increase_sample,21,0.0062038404726735595
concurrency_ppo_train22_live1002,concurrency,ppo,1002,decrease_sample,0,0.0
concurrency_ppo_train22_live1002,concurrency,ppo,1002,decrease_freshness,94,0.02776957163958641
concurrency_ppo_train22_live1002,concurrency,ppo,1002,increase_freshness,63,0.01861152141802068
concurrency_ppo_train33_live1003,concurrency,ppo,1003,hold,2926,0.9318471337579618
concurrency_ppo_train33_live1003,concurrency,ppo,1003,increase_coverage,90,0.028662420382165606
concurrency_ppo_train33_live1003,concurrency,ppo,1003,decrease_coverage,98,0.031210191082802548
concurrency_ppo_train33_live1003,concurrency,ppo,1003,increase_sample,15,0.004777070063694267
concurrency_ppo_train33_live1003,concurrency,ppo,1003,decrease_sample,0,0.0
concurrency_ppo_train33_live1003,concurrency,ppo,1003,decrease_freshness,0,0.0
concurrency_ppo_train33_live1003,concurrency,ppo,1003,increase_freshness,11,0.0035031847133757963
concurrency_ppo_train44_live1004,concurrency,ppo,1004,hold,2747,0.9621716287215412
concurrency_ppo_train44_live1004,concurrency,ppo,1004,increase_coverage,14,0.004903677758318739
concurrency_ppo_train44_live1004,concurrency,ppo,1004,decrease_coverage,0,0.0
concurrency_ppo_train44_live1004,concurrency,ppo,1004,increase_sample,9,0.0031523642732049035
concurrency_ppo_train44_live1004,concurrency,ppo,1004,decrease_sample,0,0.0
concurrency_ppo_train44_live1004,concurrency,ppo,1004,decrease_freshness,43,0.015061295971978984
concurrency_ppo_train44_live1004,concurrency,ppo,1004,increase_freshness,42,0.014711033274956218
concurrency_ppo_train55_live1005,concurrency,ppo,1005,hold,2760,0.9687609687609687
concurrency_ppo_train55_live1005,concurrency,ppo,1005,increase_coverage,17,0.005967005967005967
concurrency_ppo_train55_live1005,concurrency,ppo,1005,decrease_coverage,4,0.001404001404001404
concurrency_ppo_train55_live1005,concurrency,ppo,1005,increase_sample,12,0.004212004212004212
concurrency_ppo_train55_live1005,concurrency,ppo,1005,decrease_sample,0,0.0
concurrency_ppo_train55_live1005,concurrency,ppo,1005,decrease_freshness,22,0.007722007722007722
concurrency_ppo_train55_live1005,concurrency,ppo,1005,increase_freshness,34,0.011934011934011933
concurrency_static_train11_live1001,concurrency,static,1001,hold,2853,1.0
concurrency_static_train11_live1001,concurrency,static,1001,increase_coverage,0,0.0
concurrency_static_train11_live1001,concurrency,static,1001,decrease_coverage,0,0.0
concurrency_static_train11_live1001,concurrency,static,1001,increase_sample,0,0.0
concurrency_static_train11_live1001,concurrency,static,1001,decrease_sample,0,0.0
concurrency_static_train11_live1001,concurrency,static,1001,decrease_freshness,0,0.0
concurrency_static_train11_live1001,concurrency,static,1001,increase_freshness,0,0.0
concurrency_static_train22_live1002,concurrency,static,1002,hold,2899,1.0
concurrency_static_train22_live1002,concurrency,static,1002,increase_coverage,0,0.0
concurrency_static_train22_live1002,concurrency,static,1002,decrease_coverage,0,0.0
concurrency_static_train22_live1002,concurrency,static,1002,increase_sample,0,0.0
concurrency_static_train22_live1002,concurrency,static,1002,decrease_sample,0,0.0
concurrency_static_train22_live1002,concurrency,static,1002,decrease_freshness,0,0.0
concurrency_static_train22_live1002,concurrency,static,1002,increase_freshness,0,0.0
concurrency_static_train33_live1003,concurrency,static,1003,hold,2877,1.0
concurrency_static_train33_live1003,concurrency,static,1003,increase_coverage,0,0.0
concurrency_static_train33_live1003,concurrency,static,1003,decrease_coverage,0,0.0
concurrency_static_train33_live1003,concurrency,static,1003,increase_sample,0,0.0
concurrency_static_train33_live1003,concurrency,static,1003,decrease_sample,0,0.0
concurrency_static_train33_live1003,concurrency,static,1003,decrease_freshness,0,0.0
concurrency_static_train33_live1003,concurrency,static,1003,increase_freshness,0,0.0
concurrency_static_train44_live1004,concurrency,static,1004,hold,2855,1.0
concurrency_static_train44_live1004,concurrency,static,1004,increase_coverage,0,0.0
concurrency_static_train44_live1004,concurrency,static,1004,decrease_coverage,0,0.0
concurrency_static_train44_live1004,concurrency,static,1004,increase_sample,0,0.0
concurrency_static_train44_live1004,concurrency,static,1004,decrease_sample,0,0.0
concurrency_static_train44_live1004,concurrency,static,1004,decrease_freshness,0,0.0
concurrency_static_train44_live1004,concurrency,static,1004,increase_freshness,0,0.0
concurrency_static_train55_live1005,concurrency,static,1005,hold,2849,1.0
concurrency_static_train55_live1005,concurrency,static,1005,increase_coverage,0,0.0
concurrency_static_train55_live1005,concurrency,static,1005,decrease_coverage,0,0.0
concurrency_static_train55_live1005,concurrency,static,1005,increase_sample,0,0.0
concurrency_static_train55_live1005,concurrency,static,1005,decrease_sample,0,0.0
concurrency_static_train55_live1005,concurrency,static,1005,decrease_freshness,0,0.0
concurrency_static_train55_live1005,concurrency,static,1005,increase_freshness,0,0.0
realistic_dqn_train11_live1001,realistic,dqn,1001,hold,725,0.5908720456397718
realistic_dqn_train11_live1001,realistic,dqn,1001,increase_coverage,130,0.10594947025264874
realistic_dqn_train11_live1001,realistic,dqn,1001,decrease_coverage,107,0.08720456397718011
realistic_dqn_train11_live1001,realistic,dqn,1001,increase_sample,131,0.10676446617766912
realistic_dqn_train11_live1001,realistic,dqn,1001,decrease_sample,110,0.08964955175224124
realistic_dqn_train11_live1001,realistic,dqn,1001,decrease_freshness,0,0.0
realistic_dqn_train11_live1001,realistic,dqn,1001,increase_freshness,24,0.019559902200488997
realistic_dqn_train22_live1002,realistic,dqn,1002,hold,921,0.7549180327868853
realistic_dqn_train22_live1002,realistic,dqn,1002,increase_coverage,28,0.022950819672131147
realistic_dqn_train22_live1002,realistic,dqn,1002,decrease_coverage,2,0.001639344262295082
realistic_dqn_train22_live1002,realistic,dqn,1002,increase_sample,136,0.11147540983606558
realistic_dqn_train22_live1002,realistic,dqn,1002,decrease_sample,109,0.08934426229508197
realistic_dqn_train22_live1002,realistic,dqn,1002,decrease_freshness,0,0.0
realistic_dqn_train22_live1002,realistic,dqn,1002,increase_freshness,24,0.019672131147540985
realistic_dqn_train33_live1003,realistic,dqn,1003,hold,782,0.5728937728937729
realistic_dqn_train33_live1003,realistic,dqn,1003,increase_coverage,163,0.11941391941391942
realistic_dqn_train33_live1003,realistic,dqn,1003,decrease_coverage,155,0.11355311355311355
realistic_dqn_train33_live1003,realistic,dqn,1003,increase_sample,36,0.026373626373626374
realistic_dqn_train33_live1003,realistic,dqn,1003,decrease_sample,0,0.0
realistic_dqn_train33_live1003,realistic,dqn,1003,decrease_freshness,98,0.07179487179487179
realistic_dqn_train33_live1003,realistic,dqn,1003,increase_freshness,131,0.09597069597069598
realistic_dqn_train44_live1004,realistic,dqn,1004,hold,621,0.5549597855227882
realistic_dqn_train44_live1004,realistic,dqn,1004,increase_coverage,219,0.19571045576407506
realistic_dqn_train44_live1004,realistic,dqn,1004,decrease_coverage,193,0.17247542448614836
realistic_dqn_train44_live1004,realistic,dqn,1004,increase_sample,20,0.017873100983020553
realistic_dqn_train44_live1004,realistic,dqn,1004,decrease_sample,0,0.0
realistic_dqn_train44_live1004,realistic,dqn,1004,decrease_freshness,30,0.02680965147453083
realistic_dqn_train44_live1004,realistic,dqn,1004,increase_freshness,36,0.032171581769437
realistic_dqn_train55_live1005,realistic,dqn,1005,hold,693,0.6446511627906977
realistic_dqn_train55_live1005,realistic,dqn,1005,increase_coverage,24,0.022325581395348838
realistic_dqn_train55_live1005,realistic,dqn,1005,decrease_coverage,0,0.0
realistic_dqn_train55_live1005,realistic,dqn,1005,increase_sample,119,0.11069767441860465
realistic_dqn_train55_live1005,realistic,dqn,1005,decrease_sample,101,0.09395348837209302
realistic_dqn_train55_live1005,realistic,dqn,1005,decrease_freshness,81,0.07534883720930233
realistic_dqn_train55_live1005,realistic,dqn,1005,increase_freshness,57,0.053023255813953486
realistic_ppo_train11_live1001,realistic,ppo,1001,hold,807,0.6577017114914425
realistic_ppo_train11_live1001,realistic,ppo,1001,increase_coverage,27,0.022004889975550123
realistic_ppo_train11_live1001,realistic,ppo,1001,decrease_coverage,0,0.0
realistic_ppo_train11_live1001,realistic,ppo,1001,increase_sample,24,0.019559902200488997
realistic_ppo_train11_live1001,realistic,ppo,1001,decrease_sample,0,0.0
realistic_ppo_train11_live1001,realistic,ppo,1001,decrease_freshness,181,0.14751426242868787
realistic_ppo_train11_live1001,realistic,ppo,1001,increase_freshness,188,0.1532192339038305
realistic_ppo_train22_live1002,realistic,ppo,1002,hold,791,0.648360655737705
realistic_ppo_train22_live1002,realistic,ppo,1002,increase_coverage,35,0.028688524590163935
realistic_ppo_train22_live1002,realistic,ppo,1002,decrease_coverage,9,0.007377049180327869
realistic_ppo_train22_live1002,realistic,ppo,1002,increase_sample,24,0.019672131147540985
realistic_ppo_train22_live1002,realistic,ppo,1002,decrease_sample,0,0.0
realistic_ppo_train22_live1002,realistic,ppo,1002,decrease_freshness,182,0.14918032786885246
realistic_ppo_train22_live1002,realistic,ppo,1002,increase_freshness,179,0.14672131147540984
realistic_ppo_train33_live1003,realistic,ppo,1003,hold,885,0.6483516483516484
realistic_ppo_train33_live1003,realistic,ppo,1003,increase_coverage,232,0.16996336996336997
realistic_ppo_train33_live1003,realistic,ppo,1003,decrease_coverage,210,0.15384615384615385
realistic_ppo_train33_live1003,realistic,ppo,1003,increase_sample,22,0.01611721611721612
realistic_ppo_train33_live1003,realistic,ppo,1003,decrease_sample,0,0.0
realistic_ppo_train33_live1003,realistic,ppo,1003,decrease_freshness,0,0.0
realistic_ppo_train33_live1003,realistic,ppo,1003,increase_freshness,16,0.011721611721611722
realistic_ppo_train44_live1004,realistic,ppo,1004,hold,866,0.774597495527728
realistic_ppo_train44_live1004,realistic,ppo,1004,increase_coverage,12,0.01073345259391771
realistic_ppo_train44_live1004,realistic,ppo,1004,decrease_coverage,0,0.0
realistic_ppo_train44_live1004,realistic,ppo,1004,increase_sample,12,0.01073345259391771
realistic_ppo_train44_live1004,realistic,ppo,1004,decrease_sample,0,0.0
realistic_ppo_train44_live1004,realistic,ppo,1004,decrease_freshness,107,0.09570661896243292
realistic_ppo_train44_live1004,realistic,ppo,1004,increase_freshness,121,0.10822898032200358
realistic_ppo_train55_live1005,realistic,ppo,1005,hold,885,0.8232558139534883
realistic_ppo_train55_live1005,realistic,ppo,1005,increase_coverage,22,0.020465116279069766
realistic_ppo_train55_live1005,realistic,ppo,1005,decrease_coverage,0,0.0
realistic_ppo_train55_live1005,realistic,ppo,1005,increase_sample,15,0.013953488372093023
realistic_ppo_train55_live1005,realistic,ppo,1005,decrease_sample,0,0.0
realistic_ppo_train55_live1005,realistic,ppo,1005,decrease_freshness,72,0.06697674418604652
realistic_ppo_train55_live1005,realistic,ppo,1005,increase_freshness,81,0.07534883720930233
realistic_static_train11_live1001,realistic,static,1001,hold,1229,1.0
realistic_static_train11_live1001,realistic,static,1001,increase_coverage,0,0.0
realistic_static_train11_live1001,realistic,static,1001,decrease_coverage,0,0.0
realistic_static_train11_live1001,realistic,static,1001,increase_sample,0,0.0
realistic_static_train11_live1001,realistic,static,1001,decrease_sample,0,0.0
realistic_static_train11_live1001,realistic,static,1001,decrease_freshness,0,0.0
realistic_static_train11_live1001,realistic,static,1001,increase_freshness,0,0.0
realistic_static_train22_live1002,realistic,static,1002,hold,1213,1.0
realistic_static_train22_live1002,realistic,static,1002,increase_coverage,0,0.0
realistic_static_train22_live1002,realistic,static,1002,decrease_coverage,0,0.0
realistic_static_train22_live1002,realistic,static,1002,increase_sample,0,0.0
realistic_static_train22_live1002,realistic,static,1002,decrease_sample,0,0.0
realistic_static_train22_live1002,realistic,static,1002,decrease_freshness,0,0.0
realistic_static_train22_live1002,realistic,static,1002,increase_freshness,0,0.0
realistic_static_train33_live1003,realistic,static,1003,hold,1367,1.0
realistic_static_train33_live1003,realistic,static,1003,increase_coverage,0,0.0
realistic_static_train33_live1003,realistic,static,1003,decrease_coverage,0,0.0
realistic_static_train33_live1003,realistic,static,1003,increase_sample,0,0.0
realistic_static_train33_live1003,realistic,static,1003,decrease_sample,0,0.0
realistic_static_train33_live1003,realistic,static,1003,decrease_freshness,0,0.0
realistic_static_train33_live1003,realistic,static,1003,increase_freshness,0,0.0
realistic_static_train44_live1004,realistic,static,1004,hold,1117,1.0
realistic_static_train44_live1004,realistic,static,1004,increase_coverage,0,0.0
realistic_static_train44_live1004,realistic,static,1004,decrease_coverage,0,0.0
realistic_static_train44_live1004,realistic,static,1004,increase_sample,0,0.0
realistic_static_train44_live1004,realistic,static,1004,decrease_sample,0,0.0
realistic_static_train44_live1004,realistic,static,1004,decrease_freshness,0,0.0
realistic_static_train44_live1004,realistic,static,1004,increase_freshness,0,0.0
realistic_static_train55_live1005,realistic,static,1005,hold,1074,1.0
realistic_static_train55_live1005,realistic,static,1005,increase_coverage,0,0.0
realistic_static_train55_live1005,realistic,static,1005,decrease_coverage,0,0.0
realistic_static_train55_live1005,realistic,static,1005,increase_sample,0,0.0
realistic_static_train55_live1005,realistic,static,1005,decrease_sample,0,0.0
realistic_static_train55_live1005,realistic,static,1005,decrease_freshness,0,0.0
realistic_static_train55_live1005,realistic,static,1005,increase_freshness,0,0.0
