run_id,scenario,variant,live_seed,decisions,lower_clipped,upper_clipped,raw_min,raw_max,reward_per_step,raw_reward_per_step
concurrency_dqn_train11_live1001,concurrency,dqn,1001,2853,0,0,-0.29804328170014444,0.6886466879372227,0.020225596716884914,0.020225596716884918
concurrency_dqn_train22_live1002,concurrency,dqn,1002,2899,0,0,-0.1130228452192319,0.6667807346227946,0.2041678353360337,0.20416783533603372
concurrency_dqn_train33_live1003,concurrency,dqn,1003,3148,0,0,-0.3656041943093027,0.6456041799719051,-0.01902228683575756,-0.019022286835757574
concurrency_dqn_train44_live1004,concurrency,dqn,1004,3329,0,0,-0.5623990918304644,0.6880506490199153,-0.034254653634994726,-0.034254653634994726
concurrency_dqn_train55_live1005,concurrency,dqn,1005,3321,0,0,-0.41059380052485894,0.5426002796708186,0.008690950424495109,0.008690950424495109
concurrency_ppo_train11_live1001,concurrency,ppo,1001,2853,0,0,-0.21095967023172912,0.6450730410807795,0.15787076810257447,0.1578707681025745
concurrency_ppo_train22_live1002,concurrency,ppo,1002,3385,0,0,-0.4114761534660353,0.6663747910258432,0.012654526217663374,0.012654526217663371
concurrency_ppo_train33_live1003,concurrency,ppo,1003,3140,0,0,-0.18798089177838095,0.6671198544530286,0.08174299321211939,0.0817429932121194
concurrency_ppo_train44_live1004,concurrency,ppo,1004,2855,0,0,-0.21759692513368978,0.6669674413508401,0.08403295128926086,0.08403295128926086
concurrency_ppo_train55_live1005,concurrency,ppo,1005,2849,0,0,-0.16763501678587067,0.6700754488497052,0.131640883913395,0.131640883913395
concurrency_static_train11_live1001,concurrency,static,1001,2853,0,0,-0.1375502299685305,0.31915656978618245,-0.010999193086241891,-0.01099919308624188
concurrency_static_train22_live1002,concurrency,static,1002,2899,0,0,-0.13666787702735417,0.3185641550588146,-0.014798028811755189,-0.014798028811755175
concurrency_static_train33_live1003,concurrency,static,1003,2877,0,0,-0.13666787702735417,0.318564439442791,-0.01718117255564137,-0.017181172555641368
concurrency_static_train44_live1004,concurrency,static,1004,2855,0,0,-0.13666787702735417,0.31826990709501407,-0.011853636830598778,-0.011853636830598773
concurrency_static_train55_live1005,concurrency,static,1005,2849,0,0,-0.13224343345452594,0.2919690493276228,-0.026638364789976027,-0.026638364789976027
realistic_dqn_train11_live1001,realistic,dqn,1001,1227,0,0,0.24851143790849672,0.6608012487453627,0.5302710488367911,0.5302710488367911
realistic_dqn_train22_live1002,realistic,dqn,1002,1220,0,0,0.22496861664776113,0.6527167566378193,0.5147269956630512,0.5147269956630512
realistic_dqn_train33_live1003,realistic,dqn,1003,1365,0,0,0.18475806451612908,0.6520753623392423,0.4589761090725136,0.4589761090725136
realistic_dqn_train44_live1004,realistic,dqn,1004,1119,0,0,0.20310932080196897,0.6597449272489252,0.4684045965964771,0.4684045965964771
realistic_dqn_train55_live1005,realistic,dqn,1005,1075,0,0,0.12063298545224538,0.5247444576303248,0.31538122869785695,0.3153812286978569
realistic_ppo_train11_live1001,realistic,ppo,1001,1227,0,0,0.22677744017717283,0.6392445792978393,0.4595942156163065,0.4595942156163065
realistic_ppo_train22_live1002,realistic,ppo,1002,1220,0,0,0.11633557144942347,0.6528146799529211,0.3554072913934762,0.3554072913934762
realistic_ppo_train33_live1003,realistic,ppo,1003,1365,0,0,0.18136886242100148,0.6561242972956318,0.4257301605113462,0.4257301605113462
realistic_ppo_train44_live1004,realistic,ppo,1004,1118,0,0,0.19154145380236465,0.6559810582903236,0.3686539619455973,0.3686539619455973
realistic_ppo_train55_live1005,realistic,ppo,1005,1075,0,0,0.19017380674354112,0.6553783452734845,0.3886808968974031,0.3886808968974031
realistic_static_train11_live1001,realistic,static,1001,1229,0,0,0.16872180359747202,0.292910202279965,0.23697976043227015,0.23697976043227015
realistic_static_train22_live1002,realistic,static,1002,1213,0,0,0.17656741709029294,0.2920272224682808,0.23471886686212817,0.23471886686212817
realistic_static_train33_live1003,realistic,static,1003,1367,0,0,0.186203218508247,0.29232203260201306,0.23428568209514533,0.23428568209514533
realistic_static_train44_live1004,realistic,static,1004,1117,0,0,0.17921447591382234,0.29245887932558934,0.23561544817096408,0.23561544817096408
realistic_static_train55_live1005,realistic,static,1005,1074,0,0,0.13913356830335438,0.31825808741266226,0.24229038493473395,0.24229038493473395
