scenario,variant,live_seed,reward_per_step_learned,evaluated_requests_learned,violated_epoch_ratio_learned,unique_violation_ratio_learned,spatial_fidelity_mean_learned,hotspot_recall_mean_learned,reward_per_step_static,evaluated_requests_static,violated_epoch_ratio_static,unique_violation_ratio_static,spatial_fidelity_mean_static,hotspot_recall_mean_static,reward_per_step_delta,evaluated_requests_delta,violated_epoch_ratio_delta,unique_violation_ratio_delta,spatial_fidelity_mean_delta,hotspot_recall_mean_delta
concurrency,dqn,1001,0.0202255967168849,16,0.0,0.0,0.8778476896548744,0.8268256842653263,-0.0109991930862418,16,0.0,0.0,0.869570852393557,0.8370528462610264,0.0312247898031267,0,0.0,0.0,0.008276837261317338,-0.010227161995700063
concurrency,dqn,1002,0.2041678353360337,15,0.0,0.0,0.9030357460452652,0.8491088964059477,-0.0147980288117551,16,0.0,0.0,0.8696968794755954,0.8372353463280138,0.2189658641477888,-1,0.0,0.0,0.03333886656966978,0.011873550077933892
concurrency,dqn,1003,-0.0190222868357575,17,0.0003176620076238,0.0588235294117647,0.9104179942900502,0.8679320845764492,-0.0171811725556413,16,0.0,0.0,0.869740309148915,0.8371977338188042,-0.0018411142801162024,1,0.0003176620076238,0.0588235294117647,0.040677685141135234,0.030734350757644968
concurrency,dqn,1004,-0.0342546536349947,17,0.0003003905076599,0.0588235294117647,0.8628451429621701,0.847264243001272,-0.0118536368305987,16,0.0,0.0,0.8696408160798048,0.8370662175275453,-0.022401016804395997,1,0.0003003905076599,0.0588235294117647,-0.006795673117634737,0.010198025473726724
concurrency,dqn,1005,0.0086909504244951,17,0.0003011141222523,0.0588235294117647,0.8834441117830028,0.8293310816162838,-0.026638364789976,16,0.0,0.0,0.869572203804947,0.8370810444833373,0.0353293152144711,1,0.0003011141222523,0.0588235294117647,0.013871907978055709,-0.007749962867053539
realistic,dqn,1001,0.5302710488367911,10,0.0,0.0,0.9021834194671948,0.8472524096798495,0.2369797604322701,10,0.0,0.0,0.8673898852641561,0.8348647857781876,0.293291288404521,0,0.0,0.0,0.03479353420303877,0.012387623901661926
realistic,dqn,1002,0.5147269956630511,10,0.0,0.0,0.9105278277693004,0.8525961544915652,0.2347188668621281,10,0.0,0.0,0.871159295958812,0.8369369394567194,0.2800081288009231,0,0.0,0.0,0.03936853181048838,0.015659215034845797
realistic,dqn,1003,0.4589761090725136,12,0.0,0.0,0.915346575472294,0.8591950925722608,0.2342856820951453,12,0.0,0.0,0.8736318056979575,0.8378169487508578,0.22469042697736832,0,0.0,0.0,0.041714769774336524,0.021378143821403017
realistic,dqn,1004,0.4684045965964771,9,0.0,0.0,0.8964174269920694,0.8395926416398133,0.235615448170964,9,0.0,0.0,0.8664090638342923,0.833279217315798,0.2327891484255131,0,0.0,0.0,0.030008363157777107,0.006313424324015271
realistic,dqn,1005,0.3153812286978569,9,0.0,0.0,0.8972860050635616,0.840790262738401,0.2422903849347339,9,0.0,0.0,0.8682794319948807,0.8343856679732452,0.073090843763123,0,0.0,0.0,0.02900657306868093,0.006404594765155758
concurrency,ppo,1001,0.1578707681025744,16,0.0021030494216614,0.125,0.9032118286936224,0.8637956442776119,-0.0109991930862418,16,0.0,0.0,0.869570852393557,0.8370528462610264,0.1688699611888162,0,0.0021030494216614,0.125,0.03364097630006535,0.026742798016585523
concurrency,ppo,1002,0.0126545262176633,17,0.001477104874446,0.1176470588235294,0.8931320088239574,0.8552853792499716,-0.0147980288117551,16,0.0,0.0,0.8696968794755954,0.8372353463280138,0.027452555029418402,1,0.001477104874446,0.1176470588235294,0.023435129348362005,0.018050032921957837
concurrency,ppo,1003,0.0817429932121193,16,0.0,0.0,0.8846319202082558,0.8282605263148111,-0.0171811725556413,16,0.0,0.0,0.869740309148915,0.8371977338188042,0.09892416576776059,0,0.0,0.0,0.014891611059340781,-0.008937207503993183
concurrency,ppo,1004,0.0840329512892608,16,0.0024518388791593,0.125,0.8870141782535924,0.8308693762220889,-0.0118536368305987,16,0.0,0.0,0.8696408160798048,0.8370662175275453,0.0958865881198595,0,0.0024518388791593,0.125,0.0173733621737876,-0.006196841305456391
concurrency,ppo,1005,0.131640883913395,16,0.0,0.0,0.890397579755029,0.8681909549266871,-0.026638364789976,16,0.0,0.0,0.869572203804947,0.8370810444833373,0.158279248703371,0,0.0,0.0,0.020825375950081937,0.031109910443349764
realistic,ppo,1001,0.4595942156163064,10,0.0,0.0,0.9006379581761018,0.8555213945370911,0.2369797604322701,10,0.0,0.0,0.8673898852641561,0.8348647857781876,0.22261445518403633,0,0.0,0.0,0.03324807291194576,0.020656608758903516
realistic,ppo,1002,0.3554072913934762,10,0.0,0.0,0.9068844756436036,0.8599771131446644,0.2347188668621281,10,0.0,0.0,0.871159295958812,0.8369369394567194,0.12068842453134812,0,0.0,0.0,0.03572517968479161,0.023040173687944976
realistic,ppo,1003,0.4257301605113462,12,0.0,0.0,0.8992612904231311,0.8309667480444703,0.2342856820951453,12,0.0,0.0,0.8736318056979575,0.8378169487508578,0.1914444784162009,0,0.0,0.0,0.025629484725173568,-0.0068502007063874215
realistic,ppo,1004,0.3686539619455973,9,0.0,0.0,0.8881292112985963,0.8260387424993655,0.235615448170964,9,0.0,0.0,0.8664090638342923,0.833279217315798,0.1330385137746333,0,0.0,0.0,0.021720147464304063,-0.0072404748164325294
realistic,ppo,1005,0.3886808968974031,9,0.0,0.0,0.889846845757068,0.8612107802699296,0.2422903849347339,9,0.0,0.0,0.8682794319948807,0.8343856679732452,0.1463905119626692,0,0.0,0.0,0.021567413762187293,0.026825112296684384
